% program   : PPKINS.py (FGO three-pass: float / hold / PPK-INS)
% inp file  : /home/peterxin/下载/test/phenomate_processing/app/webapp/jobs/8794d9b35a9e/rover.26O
% inp file  : /home/peterxin/下载/test/phenomate_processing/app/webapp/jobs/8794d9b35a9e/base.26o
% inp file  : /home/peterxin/下载/test/phenomate_processing/app/webapp/jobs/8794d9b35a9e/brdc_20260611.rnx
% imu file  : /home/peterxin/下载/test/phenomate_processing/app/webapp/jobs/8794d9b35a9e/imu.csv
% obs start : 2026/06/11 03:16:08.0 GPST (week2422 357368.0s)
% obs end   : 2026/06/11 03:18:41.0 GPST (week2422 357521.0s)
% solution  : Pass 3 PPK/INS RTS-smoothed (10 Hz IMU rate)
% pos mode  : Kinematic
% freqs     : L1+L2
% elev mask : 15.0 deg
% ionos opt : Broadcast
% tropo opt : Saastamoinen
% ephemeris : Broadcast
% navi sys  : GPS Galileo BDS
% amb res   : Fix-and-Hold (LAMBDA)
% val thres : 2.0
% ref pos   : -3928368.4036 3460499.8261 -3631172.9794
%
% (lat/lon/height=WGS84/ellipsoidal,Q=1:fix,2:float,3:sbas,4:dgps,5:single,6:ppp,ns=# of satellites)
%  GPST            latitude(d'")   longitude(d'")  height(m)   Q  ns    ve(m/s)  vn(m/s)  vu(m/s)  roll(deg) pitch(deg)  yaw(deg)  ratio
2422 357368.000    -34 58 17.37084     138 38 23.93116   165.5086   1  13   0.0085  -0.0062  -0.0391   179.3247    -0.3521     0.0016 22232.3
2422 357368.100    -34 58 17.37086     138 38 23.93119   165.5047   1  13   0.0072  -0.0058  -0.0352   179.3283    -0.3512     0.0029 22232.3
2422 357368.200    -34 58 17.37088     138 38 23.93122   165.5016   1  13   0.0050  -0.0050  -0.0268   179.3369    -0.3522    -0.0006 22232.3
2422 357368.300    -34 58 17.37090     138 38 23.93123   165.4993   1  13   0.0026  -0.0031  -0.0177   179.3457    -0.3574     0.0033 22232.3
2422 357368.400    -34 58 17.37090     138 38 23.93124   165.4980   1  13  -0.0001  -0.0005  -0.0088   179.3467    -0.3586    -0.0022 22232.3
2422 357368.500    -34 58 17.37090     138 38 23.93123   165.4976   1  13  -0.0021   0.0013  -0.0006   179.3493    -0.3664    -0.0066 22232.3
2422 357368.600    -34 58 17.37089     138 38 23.93122   165.4979   1  13  -0.0032   0.0025   0.0076   179.3528    -0.3719     0.0008 22232.3
2422 357368.700    -34 58 17.37088     138 38 23.93121   165.4991   1  13  -0.0052   0.0033   0.0155   179.3571    -0.3739     0.0008 22232.3
2422 357368.800    -34 58 17.37087     138 38 23.93118   165.5010   1  13  -0.0087   0.0044   0.0237   179.3657    -0.3770     0.0034 22232.3
2422 357368.900    -34 58 17.37085     138 38 23.93114   165.5038   1  13  -0.0121   0.0066   0.0322   179.3763    -0.3812     0.0067 22232.3
2422 357369.000    -34 58 17.37083     138 38 23.93108   165.5075   1  13   0.0007  -0.0013   0.0005   179.3766    -0.3785     0.0012 23770.3
2422 357369.100    -34 58 17.37086     138 38 23.93114   165.5039   1  13   0.0141  -0.0088  -0.0317   179.3752    -0.3781     0.0065 23770.3
2422 357369.200    -34 58 17.37089     138 38 23.93119   165.5011   1  13   0.0124  -0.0067  -0.0235   179.3661    -0.3738     0.0046 23770.3
2422 357369.300    -34 58 17.37091     138 38 23.93124   165.4992   1  13   0.0104  -0.0063  -0.0143   179.3618    -0.3742     0.0019 23770.3
2422 357369.400    -34 58 17.37093     138 38 23.93128   165.4983   1  13   0.0077  -0.0052  -0.0044   179.3579    -0.3761     0.0005 23770.3
2422 357369.500    -34 58 17.37094     138 38 23.93130   165.4983   1  13   0.0048  -0.0030   0.0045   179.3564    -0.3739    -0.0017 23770.3
2422 357369.600    -34 58 17.37095     138 38 23.93131   165.4992   1  13   0.0023  -0.0009   0.0121   179.3538    -0.3719     0.0026 23770.3
2422 357369.700    -34 58 17.37095     138 38 23.93132   165.5007   1  13  -0.0005   0.0002   0.0196   179.3487    -0.3738    -0.0008 23770.3
2422 357369.800    -34 58 17.37094     138 38 23.93131   165.5031   1  13  -0.0043   0.0012   0.0269   179.3496    -0.3727    -0.0048 23770.3
2422 357369.900    -34 58 17.37094     138 38 23.93128   165.5061   1  13  -0.0079   0.0028   0.0343   179.3442    -0.3752    -0.0134 23770.3
2422 357370.000    -34 58 17.37093     138 38 23.93125   165.5099   1  13  -0.0001  -0.0005   0.0031   179.3375    -0.3717     0.0012 24788.9
2422 357370.100    -34 58 17.37094     138 38 23.93128   165.5067   1  13   0.0082  -0.0043  -0.0285   179.3368    -0.3757    -0.0006 24788.9
2422 357370.200    -34 58 17.37095     138 38 23.93131   165.5042   1  13   0.0056  -0.0033  -0.0211   179.3341    -0.3783    -0.0042 24788.9
2422 357370.300    -34 58 17.37096     138 38 23.93133   165.5025   1  13   0.0027  -0.0023  -0.0135   179.3370    -0.3725    -0.0006 24788.9
2422 357370.400    -34 58 17.37097     138 38 23.93133   165.5015   1  13   0.0000  -0.0011  -0.0062   179.3346    -0.3711     0.0018 24788.9
2422 357370.500    -34 58 17.37097     138 38 23.93133   165.5013   1  13  -0.0029   0.0003   0.0008   179.3377    -0.3738     0.0045 24788.9
2422 357370.600    -34 58 17.37097     138 38 23.93131   165.5017   1  13  -0.0061   0.0018   0.0075   179.3364    -0.3747     0.0102 24788.9
2422 357370.700    -34 58 17.37096     138 38 23.93128   165.5028   1  13  -0.0089   0.0039   0.0145   179.3361    -0.3777    -0.0037 24788.9
2422 357370.800    -34 58 17.37094     138 38 23.93124   165.5046   1  13  -0.0112   0.0067   0.0225   179.3313    -0.3734     0.0070 24788.9
2422 357370.900    -34 58 17.37092     138 38 23.93119   165.5073   1  13  -0.0140   0.0098   0.0309   179.3323    -0.3722     0.0033 24788.9
2422 357371.000    -34 58 17.37088     138 38 23.93113   165.5108   1  13  -0.0009   0.0022  -0.0006   179.3354    -0.3680     0.0012 22289.5
2422 357371.100    -34 58 17.37090     138 38 23.93118   165.5071   1  13   0.0127  -0.0058  -0.0329   179.3332    -0.3724     0.0009 22289.5
2422 357371.200    -34 58 17.37092     138 38 23.93123   165.5042   1  13   0.0107  -0.0041  -0.0256   179.3331    -0.3737     0.0036 22289.5
2422 357371.300    -34 58 17.37093     138 38 23.93127   165.5020   1  13   0.0081  -0.0030  -0.0177   179.3361    -0.3756     0.0059 22289.5
2422 357371.400    -34 58 17.37094     138 38 23.93129   165.5007   1  13   0.0047  -0.0018  -0.0094   179.3337    -0.3787     0.0058 22289.5
2422 357371.500    -34 58 17.37094     138 38 23.93131   165.5001   1  13   0.0010   0.0003  -0.0018   179.3314    -0.3807     0.0037 22289.5
2422 357371.600    -34 58 17.37093     138 38 23.93130   165.5003   1  13  -0.0024   0.0027   0.0052   179.3330    -0.3796     0.0001 22289.5
2422 357371.700    -34 58 17.37092     138 38 23.93129   165.5012   1  13  -0.0051   0.0045   0.0125   179.3324    -0.3747    -0.0025 22289.5
2422 357371.800    -34 58 17.37090     138 38 23.93126   165.5028   1  13  -0.0071   0.0057   0.0207   179.3322    -0.3696    -0.0022 22289.5
2422 357371.900    -34 58 17.37088     138 38 23.93123   165.5053   1  13  -0.0092   0.0070   0.0301   179.3344    -0.3672     0.0032 22289.5
2422 357372.000    -34 58 17.37086     138 38 23.93119   165.5088   1  13   0.0003  -0.0001   0.0013   179.3299    -0.3751     0.0012 21675.6
2422 357372.100    -34 58 17.37089     138 38 23.93123   165.5056   1  13   0.0101  -0.0075  -0.0287   179.3258    -0.3730     0.0005 21675.6
2422 357372.200    -34 58 17.37091     138 38 23.93127   165.5031   1  13   0.0081  -0.0065  -0.0218   179.3264    -0.3709     0.0036 21675.6
2422 357372.300    -34 58 17.37093     138 38 23.93130   165.5012   1  13   0.0051  -0.0052  -0.0144   179.3256    -0.3673     0.0036 21675.6
2422 357372.400    -34 58 17.37094     138 38 23.93131   165.5002   1  13   0.0015  -0.0031  -0.0057   179.3214    -0.3669     0.0029 21675.6
2422 357372.500    -34 58 17.37095     138 38 23.93131   165.5001   1  13  -0.0021  -0.0002   0.0029   179.3258    -0.3651     0.0027 21675.6
2422 357372.600    -34 58 17.37094     138 38 23.93129   165.5008   1  13  -0.0053   0.0031   0.0103   179.3290    -0.3606     0.0033 21675.6
2422 357372.700    -34 58 17.37093     138 38 23.93127   165.5021   1  13  -0.0076   0.0050   0.0167   179.3267    -0.3601     0.0056 21675.6
2422 357372.800    -34 58 17.37091     138 38 23.93123   165.5041   1  13  -0.0090   0.0057   0.0240   179.3267    -0.3583     0.0092 21675.6
2422 357372.900    -34 58 17.37089     138 38 23.93120   165.5069   1  13  -0.0105   0.0072   0.0323   179.3264    -0.3572     0.0053 21675.6
2422 357373.000    -34 58 17.37086     138 38 23.93115   165.5106   1  13  -0.0002  -0.0002   0.0029   179.3266    -0.3595     0.0011 21119.3
2422 357373.100    -34 58 17.37089     138 38 23.93119   165.5075   1  13   0.0098  -0.0075  -0.0276   179.3341    -0.3607    -0.0000 21119.3
2422 357373.200    -34 58 17.37091     138 38 23.93123   165.5051   1  13   0.0073  -0.0055  -0.0218   179.3368    -0.3586     0.0051 21119.3
2422 357373.300    -34 58 17.37093     138 38 23.93125   165.5032   1  13   0.0049  -0.0045  -0.0157   179.3378    -0.3516     0.0044 21119.3
2422 357373.400    -34 58 17.37094     138 38 23.93127   165.5019   1  13   0.0023  -0.0033  -0.0088   179.3435    -0.3528     0.0100 21119.3
2422 357373.500    -34 58 17.37095     138 38 23.93127   165.5014   1  13  -0.0003  -0.0015  -0.0016   179.3421    -0.3523     0.0029 21119.3
2422 357373.600    -34 58 17.37095     138 38 23.93126   165.5016   1  13  -0.0025   0.0001   0.0059   179.3407    -0.3496     0.0030 21119.3
2422 357373.700    -34 58 17.37095     138 38 23.93125   165.5026   1  13  -0.0040   0.0015   0.0134   179.3390    -0.3534    -0.0000 21119.3
2422 357373.800    -34 58 17.37094     138 38 23.93123   165.5043   1  13  -0.0059   0.0021   0.0203   179.3314    -0.3527     0.0014 21119.3
2422 357373.900    -34 58 17.37093     138 38 23.93120   165.5066   1  13  -0.0088   0.0030   0.0275   179.3236    -0.3538     0.0034 21119.3
2422 357374.000    -34 58 17.37092     138 38 23.93116   165.5098   1  13  -0.0010  -0.0016   0.0019   179.3312    -0.3614     0.0011 21693.4
2422 357374.100    -34 58 17.37094     138 38 23.93120   165.5070   1  13   0.0071  -0.0062  -0.0246   179.3293    -0.3578     0.0018 21693.4
2422 357374.200    -34 58 17.37096     138 38 23.93122   165.5048   1  13   0.0046  -0.0046  -0.0187   179.3264    -0.3545     0.0004 21693.4
2422 357374.300    -34 58 17.37097     138 38 23.93123   165.5033   1  13   0.0023  -0.0027  -0.0121   179.3254    -0.3556     0.0056 21693.4
2422 357374.400    -34 58 17.37098     138 38 23.93124   165.5024   1  13   0.0003  -0.0005  -0.0051   179.3239    -0.3523     0.0070 21693.4
2422 357374.500    -34 58 17.37098     138 38 23.93124   165.5022   1  13  -0.0010   0.0015   0.0019   179.3198    -0.3502     0.0028 21693.4
2422 357374.600    -34 58 17.37097     138 38 23.93123   165.5028   1  13  -0.0019   0.0038   0.0092   179.3241    -0.3530     0.0025 21693.4
2422 357374.700    -34 58 17.37095     138 38 23.93122   165.5041   1  13  -0.0038   0.0061   0.0162   179.3227    -0.3527     0.0057 21693.4
2422 357374.800    -34 58 17.37093     138 38 23.93120   165.5060   1  13  -0.0073   0.0074   0.0230   179.3271    -0.3531     0.0031 21693.4
2422 357374.900    -34 58 17.37091     138 38 23.93116   165.5087   1  13  -0.0113   0.0085   0.0298   179.3280    -0.3521     0.0010 21693.4
2422 357375.000    -34 58 17.37088     138 38 23.93111   165.5120   1  13  -0.0020   0.0015   0.0033   179.3286    -0.3480     0.0011 18708.3
2422 357375.100    -34 58 17.37090     138 38 23.93115   165.5093   1  13   0.0072  -0.0051  -0.0238   179.3272    -0.3395     0.0053 18708.3
2422 357375.200    -34 58 17.37091     138 38 23.93117   165.5072   1  13   0.0039  -0.0033  -0.0182   179.3319    -0.3350     0.0086 18708.3
2422 357375.300    -34 58 17.37092     138 38 23.93118   165.5057   1  13   0.0021  -0.0022  -0.0123   179.3316    -0.3324     0.0070 18708.3
2422 357375.400    -34 58 17.37092     138 38 23.93118   165.5048   1  13   0.0007  -0.0011  -0.0060   179.3338    -0.3341     0.0101 18708.3
2422 357375.500    -34 58 17.37092     138 38 23.93118   165.5045   1  13  -0.0016   0.0004   0.0004   179.3323    -0.3368     0.0043 18708.3
2422 357375.600    -34 58 17.37092     138 38 23.93117   165.5049   1  13  -0.0038   0.0024   0.0073   179.3340    -0.3330     0.0011 18708.3
2422 357375.700    -34 58 17.37091     138 38 23.93115   165.5059   1  13  -0.0058   0.0046   0.0135   179.3375    -0.3349    -0.0045 18708.3
2422 357375.800    -34 58 17.37089     138 38 23.93113   165.5076   1  13  -0.0081   0.0063   0.0190   179.3445    -0.3313    -0.0050 18708.3
2422 357375.900    -34 58 17.37087     138 38 23.93109   165.5097   1  13  -0.0109   0.0076   0.0254   179.3449    -0.3194    -0.0013 18708.3
2422 357376.000    -34 58 17.37084     138 38 23.93104   165.5126   1  12  -0.0027   0.0016   0.0041   179.3413    -0.3122     0.0010 20422.3
2422 357376.100    -34 58 17.37086     138 38 23.93107   165.5106   1  12   0.0066  -0.0043  -0.0175   179.3439    -0.3164     0.0037 20422.3
2422 357376.200    -34 58 17.37087     138 38 23.93109   165.5091   1  12   0.0060  -0.0028  -0.0115   179.3442    -0.3248     0.0078 20422.3
2422 357376.300    -34 58 17.37088     138 38 23.93111   165.5083   1  12   0.0049  -0.0013  -0.0068   179.3465    -0.3291     0.0083 20422.3
2422 357376.400    -34 58 17.37088     138 38 23.93113   165.5078   1  12   0.0021  -0.0001  -0.0023   179.3508    -0.3370     0.0074 20422.3
2422 357376.500    -34 58 17.37088     138 38 23.93113   165.5078   1  12  -0.0018   0.0015   0.0034   179.3501    -0.3439     0.0105 20422.3
2422 357376.600    -34 58 17.37087     138 38 23.93112   165.5085   1  12  -0.0060   0.0037   0.0098   179.3457    -0.3467     0.0048 20422.3
2422 357376.700    -34 58 17.37085     138 38 23.93108   165.5098   1  12  -0.0093   0.0057   0.0152   179.3432    -0.3517     0.0104 20422.3
2422 357376.800    -34 58 17.37083     138 38 23.93104   165.5115   1  12  -0.0116   0.0073   0.0200   179.3408    -0.3518     0.0176 20422.3
2422 357376.900    -34 58 17.37080     138 38 23.93099   165.5138   1  12  -0.0141   0.0089   0.0260   179.3374    -0.3553     0.0074 20422.3
2422 357377.000    -34 58 17.37077     138 38 23.93093   165.5167   1  13  -0.0001  -0.0009  -0.0008   179.3391    -0.3622     0.0011 18145.4
2422 357377.100    -34 58 17.37081     138 38 23.93099   165.5136   1  13   0.0141  -0.0108  -0.0283   179.3415    -0.3588     0.0017 18145.4
2422 357377.200    -34 58 17.37084     138 38 23.93104   165.5111   1  13   0.0117  -0.0091  -0.0232   179.3444    -0.3561     0.0061 18145.4
2422 357377.300    -34 58 17.37087     138 38 23.93108   165.5090   1  13   0.0097  -0.0076  -0.0182   179.3429    -0.3570     0.0042 18145.4
2422 357377.400    -34 58 17.37089     138 38 23.93112   165.5074   1  13   0.0070  -0.0064  -0.0119   179.3476    -0.3562     0.0037 18145.4
2422 357377.500    -34 58 17.37091     138 38 23.93114   165.5066   1  13   0.0034  -0.0044  -0.0050   179.3473    -0.3580    -0.0029 18145.4
2422 357377.600    -34 58 17.37092     138 38 23.93115   165.5064   1  13  -0.0003  -0.0012   0.0012   179.3456    -0.3482     0.0001 18145.4
2422 357377.700    -34 58 17.37092     138 38 23.93114   165.5069   1  13  -0.0035   0.0017   0.0068   179.3483    -0.3497    -0.0042 18145.4
2422 357377.800    -34 58 17.37091     138 38 23.93112   165.5078   1  13  -0.0059   0.0036   0.0124   179.3468    -0.3455     0.0013 18145.4
2422 357377.900    -34 58 17.37090     138 38 23.93109   165.5093   1  13  -0.0082   0.0049   0.0185   179.3510    -0.3418    -0.0011 18145.4
2422 357378.000    -34 58 17.37088     138 38 23.93105   165.5115   1  13   0.0034  -0.0013  -0.0036   179.3517    -0.3466     0.0011 21131.3
2422 357378.100    -34 58 17.37090     138 38 23.93112   165.5086   1  13   0.0149  -0.0068  -0.0261   179.3528    -0.3509    -0.0009 21131.3
2422 357378.200    -34 58 17.37092     138 38 23.93117   165.5063   1  13   0.0120  -0.0051  -0.0210   179.3496    -0.3477    -0.0035 21131.3
2422 357378.300    -34 58 17.37094     138 38 23.93121   165.5044   1  13   0.0092  -0.0044  -0.0166   179.3459    -0.3445    -0.0111 21131.3
2422 357378.400    -34 58 17.37095     138 38 23.93124   165.5030   1  13   0.0062  -0.0036  -0.0118   179.3417    -0.3442    -0.0117 21131.3
2422 357378.500    -34 58 17.37096     138 38 23.93126   165.5021   1  13   0.0029  -0.0017  -0.0066   179.3330    -0.3479    -0.0077 21131.3
2422 357378.600    -34 58 17.37096     138 38 23.93127   165.5017   1  13  -0.0002   0.0010  -0.0015   179.3307    -0.3506    -0.0094 21131.3
2422 357378.700    -34 58 17.37095     138 38 23.93126   165.5018   1  13  -0.0026   0.0033   0.0035   179.3247    -0.3469    -0.0097 21131.3
2422 357378.800    -34 58 17.37094     138 38 23.93124   165.5024   1  13  -0.0041   0.0050   0.0089   179.3167    -0.3489    -0.0055 21131.3
2422 357378.900    -34 58 17.37092     138 38 23.93123   165.5035   1  13  -0.0055   0.0065   0.0147   179.3220    -0.3480    -0.0033 21131.3
2422 357379.000    -34 58 17.37090     138 38 23.93120   165.5053   1  13   0.0007   0.0008  -0.0023   179.3219    -0.3482     0.0011 23578.7
2422 357379.100    -34 58 17.37092     138 38 23.93123   165.5031   1  13   0.0067  -0.0049  -0.0190   179.3249    -0.3569     0.0050 23578.7
2422 357379.200    -34 58 17.37093     138 38 23.93125   165.5015   1  13   0.0043  -0.0034  -0.0127   179.3277    -0.3577     0.0044 23578.7
2422 357379.300    -34 58 17.37094     138 38 23.93127   165.5005   1  13   0.0019  -0.0017  -0.0077   179.3272    -0.3603     0.0034 23578.7
2422 357379.400    -34 58 17.37094     138 38 23.93127   165.5000   1  13  -0.0008   0.0000  -0.0033   179.3295    -0.3589     0.0007 23578.7
2422 357379.500    -34 58 17.37094     138 38 23.93126   165.4999   1  13  -0.0037   0.0023   0.0023   179.3261    -0.3610     0.0014 23578.7
2422 357379.600    -34 58 17.37093     138 38 23.93124   165.5004   1  13  -0.0064   0.0050   0.0090   179.3267    -0.3632    -0.0076 23578.7
2422 357379.700    -34 58 17.37091     138 38 23.93121   165.5017   1  13  -0.0088   0.0073   0.0155   179.3299    -0.3692    -0.0121 23578.7
2422 357379.800    -34 58 17.37088     138 38 23.93117   165.5035   1  13  -0.0110   0.0087   0.0215   179.3313    -0.3695    -0.0026 23578.7
2422 357379.900    -34 58 17.37085     138 38 23.93112   165.5060   1  13  -0.0131   0.0097   0.0272   179.3355    -0.3706     0.0037 23578.7
2422 357380.000    -34 58 17.37082     138 38 23.93107   165.5090   1  13  -0.0005  -0.0002   0.0021   179.3331    -0.3745     0.0012 20041.0
2422 357380.100    -34 58 17.37085     138 38 23.93112   165.5064   1  13   0.0121  -0.0092  -0.0235   179.3280    -0.3677    -0.0016 20041.0
2422 357380.200    -34 58 17.37088     138 38 23.93116   165.5043   1  13   0.0099  -0.0068  -0.0193   179.3263    -0.3608    -0.0064 20041.0
2422 357380.300    -34 58 17.37089     138 38 23.93120   165.5025   1  13   0.0080  -0.0052  -0.0151   179.3295    -0.3571    -0.0048 20041.0
2422 357380.400    -34 58 17.37091     138 38 23.93123   165.5012   1  13   0.0056  -0.0036  -0.0103   179.3327    -0.3488    -0.0086 20041.0
2422 357380.500    -34 58 17.37092     138 38 23.93124   165.5005   1  13   0.0022  -0.0017  -0.0049   179.3303    -0.3430    -0.0054 20041.0
2422 357380.600    -34 58 17.37092     138 38 23.93124   165.5003   1  13  -0.0011   0.0002   0.0004   179.3316    -0.3387    -0.0039 20041.0
2422 357380.700    -34 58 17.37092     138 38 23.93123   165.5005   1  13  -0.0037   0.0020   0.0055   179.3311    -0.3328    -0.0046 20041.0
2422 357380.800    -34 58 17.37091     138 38 23.93121   165.5014   1  13  -0.0060   0.0033   0.0104   179.3321    -0.3345    -0.0060 20041.0
2422 357380.900    -34 58 17.37090     138 38 23.93119   165.5026   1  13  -0.0083   0.0042   0.0148   179.3333    -0.3332    -0.0057 20041.0
2422 357381.000    -34 58 17.37088     138 38 23.93115   165.5043   1  12   0.0008  -0.0018  -0.0034   179.3396    -0.3309     0.0010 23310.5
2422 357381.100    -34 58 17.37091     138 38 23.93119   165.5020   1  12   0.0101  -0.0068  -0.0206   179.3419    -0.3270    -0.0017 23310.5
2422 357381.200    -34 58 17.37092     138 38 23.93123   165.5002   1  12   0.0082  -0.0036  -0.0151   179.3392    -0.3319    -0.0006 23310.5
2422 357381.300    -34 58 17.37093     138 38 23.93126   165.4989   1  12   0.0064  -0.0014  -0.0106   179.3396    -0.3337    -0.0048 23310.5
2422 357381.400    -34 58 17.37093     138 38 23.93128   165.4981   1  12   0.0043  -0.0005  -0.0066   179.3422    -0.3335    -0.0119 23310.5
2422 357381.500    -34 58 17.37093     138 38 23.93129   165.4976   1  12   0.0010   0.0006  -0.0018   179.3450    -0.3338    -0.0136 23310.5
2422 357381.600    -34 58 17.37093     138 38 23.93129   165.4977   1  12  -0.0027   0.0021   0.0038   179.3418    -0.3314    -0.0113 23310.5
2422 357381.700    -34 58 17.37092     138 38 23.93127   165.4984   1  12  -0.0058   0.0037   0.0086   179.3409    -0.3304    -0.0076 23310.5
2422 357381.800    -34 58 17.37091     138 38 23.93124   165.4994   1  12  -0.0083   0.0055   0.0126   179.3417    -0.3359    -0.0070 23310.5
2422 357381.900    -34 58 17.37088     138 38 23.93120   165.5009   1  12  -0.0111   0.0073   0.0165   179.3439    -0.3338    -0.0002 23310.5
2422 357382.000    -34 58 17.37086     138 38 23.93115   165.5027   1  13  -0.0003   0.0005   0.0012   179.3452    -0.3328     0.0010 19893.6
2422 357382.100    -34 58 17.37088     138 38 23.93120   165.5011   1  13   0.0103  -0.0064  -0.0133   179.3433    -0.3355     0.0068 19893.6
2422 357382.200    -34 58 17.37090     138 38 23.93123   165.5001   1  13   0.0074  -0.0048  -0.0085   179.3469    -0.3382     0.0067 19893.6
2422 357382.300    -34 58 17.37091     138 38 23.93126   165.4994   1  13   0.0058  -0.0033  -0.0040   179.3470    -0.3423     0.0138 19893.6
2422 357382.400    -34 58 17.37092     138 38 23.93128   165.4993   1  13   0.0041  -0.0026   0.0005   179.3470    -0.3463     0.0093 19893.6
2422 357382.500    -34 58 17.37093     138 38 23.93129   165.4995   1  13   0.0008  -0.0025   0.0046   179.3386    -0.3507     0.0069 19893.6
2422 357382.600    -34 58 17.37094     138 38 23.93129   165.5002   1  13  -0.0034  -0.0013   0.0081   179.3378    -0.3527     0.0109 19893.6
2422 357382.700    -34 58 17.37094     138 38 23.93127   165.5012   1  13  -0.0068   0.0010   0.0113   179.3400    -0.3534     0.0036 19893.6
2422 357382.800    -34 58 17.37093     138 38 23.93123   165.5025   1  13  -0.0091   0.0033   0.0150   179.3395    -0.3538    -0.0016 19893.6
2422 357382.900    -34 58 17.37092     138 38 23.93119   165.5042   1  13  -0.0105   0.0059   0.0192   179.3337    -0.3522    -0.0009 19893.6
2422 357383.000    -34 58 17.37089     138 38 23.93115   165.5063   1  13   0.0012   0.0003   0.0003   179.3298    -0.3535     0.0011 20818.2
2422 357383.100    -34 58 17.37091     138 38 23.93120   165.5042   1  13   0.0118  -0.0058  -0.0184   179.3313    -0.3501    -0.0069 20818.2
2422 357383.200    -34 58 17.37093     138 38 23.93124   165.5026   1  13   0.0083  -0.0042  -0.0139   179.3351    -0.3489    -0.0091 20818.2
2422 357383.300    -34 58 17.37094     138 38 23.93127   165.5015   1  13   0.0049  -0.0028  -0.0096   179.3394    -0.3512    -0.0098 20818.2
2422 357383.400    -34 58 17.37095     138 38 23.93128   165.5007   1  13   0.0021  -0.0017  -0.0059   179.3360    -0.3487    -0.0012 20818.2
2422 357383.500    -34 58 17.37095     138 38 23.93128   165.5003   1  13  -0.0008  -0.0010  -0.0026   179.3358    -0.3443    -0.0072 20818.2
2422 357383.600    -34 58 17.37095     138 38 23.93127   165.5002   1  13  -0.0040   0.0004   0.0013   179.3379    -0.3448    -0.0081 20818.2
2422 357383.700    -34 58 17.37095     138 38 23.93125   165.5005   1  13  -0.0065   0.0030   0.0058   179.3361    -0.3413    -0.0023 20818.2
2422 357383.800    -34 58 17.37094     138 38 23.93122   165.5013   1  13  -0.0084   0.0055   0.0104   179.3324    -0.3338    -0.0036 20818.2
2422 357383.900    -34 58 17.37091     138 38 23.93119   165.5026   1  13  -0.0103   0.0069   0.0149   179.3283    -0.3342     0.0008 20818.2
2422 357384.000    -34 58 17.37089     138 38 23.93114   165.5043   1  12   0.0011  -0.0011  -0.0007   179.3268    -0.3317     0.0010 23216.7
2422 357384.100    -34 58 17.37092     138 38 23.93120   165.5025   1  12   0.0117  -0.0084  -0.0164   179.3300    -0.3353     0.0006 23216.7
2422 357384.200    -34 58 17.37095     138 38 23.93123   165.5010   1  12   0.0080  -0.0062  -0.0120   179.3272    -0.3416    -0.0024 23216.7
2422 357384.300    -34 58 17.37096     138 38 23.93126   165.5001   1  12   0.0045  -0.0042  -0.0077   179.3293    -0.3389    -0.0062 23216.7
2422 357384.400    -34 58 17.37097     138 38 23.93127   165.4995   1  12   0.0015  -0.0020  -0.0036   179.3232    -0.3401     0.0046 23216.7
2422 357384.500    -34 58 17.37098     138 38 23.93127   165.4993   1  12  -0.0010  -0.0001   0.0002   179.3206    -0.3373     0.0003 23216.7
2422 357384.600    -34 58 17.37097     138 38 23.93126   165.4995   1  12  -0.0038   0.0019   0.0041   179.3220    -0.3354     0.0056 23216.7
2422 357384.700    -34 58 17.37096     138 38 23.93124   165.5002   1  12  -0.0061   0.0039   0.0084   179.3203    -0.3340     0.0008 23216.7
2422 357384.800    -34 58 17.37095     138 38 23.93121   165.5012   1  12  -0.0080   0.0053   0.0127   179.3202    -0.3362    -0.0024 23216.7
2422 357384.900    -34 58 17.37093     138 38 23.93118   165.5027   1  12  -0.0099   0.0060   0.0169   179.3227    -0.3367     0.0049 23216.7
2422 357385.000    -34 58 17.37091     138 38 23.93114   165.5046   1  13  -0.0000  -0.0008  -0.0037   179.3257    -0.3357     0.0011 18323.3
2422 357385.100    -34 58 17.37093     138 38 23.93118   165.5020   1  13   0.0092  -0.0068  -0.0239   179.3268    -0.3405    -0.0070 18323.3
2422 357385.200    -34 58 17.37095     138 38 23.93121   165.4998   1  13   0.0063  -0.0040  -0.0193   179.3276    -0.3395    -0.0037 18323.3
2422 357385.300    -34 58 17.37096     138 38 23.93123   165.4981   1  13   0.0038  -0.0014  -0.0156   179.3267    -0.3393    -0.0050 18323.3
2422 357385.400    -34 58 17.37096     138 38 23.93124   165.4967   1  13   0.0013   0.0000  -0.0118   179.3310    -0.3349    -0.0006 18323.3
2422 357385.500    -34 58 17.37096     138 38 23.93124   165.4958   1  13  -0.0011   0.0015  -0.0069   179.3266    -0.3351    -0.0072 18323.3
2422 357385.600    -34 58 17.37095     138 38 23.93123   165.4953   1  13  -0.0032   0.0038  -0.0020   179.3209    -0.3342    -0.0113 18323.3
2422 357385.700    -34 58 17.37094     138 38 23.93121   165.4953   1  13  -0.0052   0.0066   0.0025   179.3271    -0.3363    -0.0156 18323.3
2422 357385.800    -34 58 17.37091     138 38 23.93119   165.4958   1  13  -0.0075   0.0087   0.0070   179.3313    -0.3350    -0.0054 18323.3
2422 357385.900    -34 58 17.37088     138 38 23.93115   165.4967   1  13  -0.0101   0.0097   0.0114   179.3263    -0.3400     0.0016 18323.3
2422 357386.000    -34 58 17.37085     138 38 23.93111   165.4981   1  13   0.0013   0.0004  -0.0000   179.3274    -0.3470     0.0011 22976.7
2422 357386.100    -34 58 17.37088     138 38 23.93116   165.4967   1  13   0.0126  -0.0082  -0.0108   179.3233    -0.3482     0.0060 22976.7
2422 357386.200    -34 58 17.37090     138 38 23.93121   165.4959   1  13   0.0099  -0.0061  -0.0057   179.3217    -0.3479     0.0106 22976.7
2422 357386.300    -34 58 17.37092     138 38 23.93124   165.4956   1  13   0.0074  -0.0037  -0.0018   179.3184    -0.3454     0.0112 22976.7
2422 357386.400    -34 58 17.37092     138 38 23.93127   165.4956   1  13   0.0049  -0.0016   0.0014   179.3134    -0.3427     0.0085 22976.7
2422 357386.500    -34 58 17.37093     138 38 23.93128   165.4959   1  13   0.0021  -0.0006   0.0053   179.3092    -0.3421    -0.0006 22976.7
2422 357386.600    -34 58 17.37093     138 38 23.93128   165.4966   1  13  -0.0004   0.0000   0.0101   179.3054    -0.3397    -0.0071 22976.7
2422 357386.700    -34 58 17.37093     138 38 23.93128   165.4979   1  13  -0.0029   0.0017   0.0144   179.3083    -0.3382    -0.0040 22976.7
2422 357386.800    -34 58 17.37092     138 38 23.93126   165.4995   1  13  -0.0059   0.0039   0.0177   179.3040    -0.3417     0.0047 22976.7
2422 357386.900    -34 58 17.37090     138 38 23.93123   165.5014   1  13  -0.0090   0.0057   0.0211   179.2975    -0.3370     0.0020 22976.7
2422 357387.000    -34 58 17.37088     138 38 23.93119   165.5037   1  13  -0.0007  -0.0012   0.0012   179.2901    -0.3317     0.0010 22023.3
2422 357387.100    -34 58 17.37091     138 38 23.93123   165.5017   1  13   0.0070  -0.0076  -0.0177   179.2894    -0.3359    -0.0014 22023.3
2422 357387.200    -34 58 17.37093     138 38 23.93125   165.5002   1  13   0.0034  -0.0049  -0.0124   179.2905    -0.3278     0.0014 22023.3
2422 357387.300    -34 58 17.37094     138 38 23.93125   165.4992   1  13   0.0011  -0.0026  -0.0082   179.2946    -0.3264     0.0016 22023.3
2422 357387.400    -34 58 17.37095     138 38 23.93126   165.4985   1  13  -0.0006  -0.0010  -0.0051   179.2991    -0.3235    -0.0063 22023.3
2422 357387.500    -34 58 17.37095     138 38 23.93125   165.4982   1  13  -0.0028   0.0002  -0.0017   179.3046    -0.3259    -0.0071 22023.3
2422 357387.600    -34 58 17.37094     138 38 23.93123   165.4982   1  13  -0.0054   0.0013   0.0022   179.3114    -0.3217    -0.0037 22023.3
2422 357387.700    -34 58 17.37094     138 38 23.93121   165.4986   1  13  -0.0082   0.0029   0.0066   179.3157    -0.3212     0.0008 22023.3
2422 357387.800    -34 58 17.37093     138 38 23.93117   165.4995   1  13  -0.0109   0.0045   0.0107   179.3202    -0.3246    -0.0043 22023.3
2422 357387.900    -34 58 17.37091     138 38 23.93112   165.5008   1  13  -0.0136   0.0057   0.0146   179.3176    -0.3220     0.0008 22023.3
2422 357388.000    -34 58 17.37089     138 38 23.93106   165.5024   1  13   0.0002  -0.0010  -0.0012   179.3213    -0.3241     0.0010 17999.5
2422 357388.100    -34 58 17.37091     138 38 23.93112   165.5005   1  13   0.0135  -0.0072  -0.0168   179.3196    -0.3195    -0.0036 17999.5
2422 357388.200    -34 58 17.37093     138 38 23.93117   165.4991   1  13   0.0100  -0.0048  -0.0125   179.3216    -0.3256    -0.0077 17999.5
2422 357388.300    -34 58 17.37095     138 38 23.93120   165.4980   1  13   0.0074  -0.0028  -0.0084   179.3194    -0.3292    -0.0006 17999.5
2422 357388.400    -34 58 17.37095     138 38 23.93123   165.4974   1  13   0.0054  -0.0018  -0.0044   179.3191    -0.3251     0.0006 17999.5
2422 357388.500    -34 58 17.37096     138 38 23.93124   165.4972   1  13   0.0032  -0.0009  -0.0004   179.3136    -0.3205    -0.0029 17999.5
2422 357388.600    -34 58 17.37096     138 38 23.93125   165.4973   1  13   0.0006   0.0004   0.0036   179.3066    -0.3201    -0.0073 17999.5
2422 357388.700    -34 58 17.37095     138 38 23.93125   165.4979   1  13  -0.0028   0.0025   0.0073   179.3006    -0.3197    -0.0093 17999.5
2422 357388.800    -34 58 17.37094     138 38 23.93123   165.4988   1  13  -0.0061   0.0050   0.0108   179.3006    -0.3172    -0.0065 17999.5
2422 357388.900    -34 58 17.37092     138 38 23.93120   165.5000   1  13  -0.0083   0.0072   0.0144   179.2891    -0.3150    -0.0028 17999.5
2422 357389.000    -34 58 17.37090     138 38 23.93116   165.5017   1  12   0.0003  -0.0001   0.0020   179.2913    -0.3154     0.0010 20317.3
2422 357389.100    -34 58 17.37092     138 38 23.93120   165.5004   1  12   0.0091  -0.0075  -0.0104   179.2947    -0.3193     0.0058 20317.3
2422 357389.200    -34 58 17.37094     138 38 23.93124   165.4996   1  12   0.0071  -0.0051  -0.0068   179.2952    -0.3254     0.0111 20317.3
2422 357389.300    -34 58 17.37096     138 38 23.93126   165.4991   1  12   0.0041  -0.0019  -0.0032   179.2912    -0.3263     0.0176 20317.3
2422 357389.400    -34 58 17.37096     138 38 23.93127   165.4989   1  12   0.0011   0.0005   0.0001   179.2945    -0.3316     0.0118 20317.3
2422 357389.500    -34 58 17.37095     138 38 23.93127   165.4991   1  12  -0.0017   0.0013   0.0026   179.2936    -0.3331     0.0140 20317.3
2422 357389.600    -34 58 17.37095     138 38 23.93125   165.4995   1  12  -0.0045   0.0021   0.0055   179.2976    -0.3368     0.0158 20317.3
2422 357389.700    -34 58 17.37094     138 38 23.93123   165.5002   1  12  -0.0077   0.0041   0.0096   179.2961    -0.3353     0.0165 20317.3
2422 357389.800    -34 58 17.37092     138 38 23.93119   165.5014   1  12  -0.0111   0.0063   0.0133   179.2970    -0.3314     0.0116 20317.3
2422 357389.900    -34 58 17.37090     138 38 23.93114   165.5029   1  12  -0.0144   0.0077   0.0162   179.2898    -0.3351     0.0131 20317.3
2422 357390.000    -34 58 17.37087     138 38 23.93108   165.5046   1  13   0.0002  -0.0005  -0.0011   179.2900    -0.3362     0.0011 17455.9
2422 357390.100    -34 58 17.37090     138 38 23.93115   165.5026   1  13   0.0150  -0.0084  -0.0175   179.2877    -0.3359     0.0023 17455.9
2422 357390.200    -34 58 17.37093     138 38 23.93120   165.5011   1  13   0.0118  -0.0069  -0.0136   179.2846    -0.3360     0.0126 17455.9
2422 357390.300    -34 58 17.37095     138 38 23.93124   165.4999   1  13   0.0087  -0.0051  -0.0111   179.2917    -0.3322     0.0135 17455.9
2422 357390.400    -34 58 17.37096     138 38 23.93127   165.4989   1  13   0.0061  -0.0028  -0.0092   179.2946    -0.3372     0.0134 17455.9
2422 357390.500    -34 58 17.37096     138 38 23.93129   165.4981   1  13   0.0037  -0.0009  -0.0067   179.2962    -0.3347     0.0118 17455.9
2422 357390.600    -34 58 17.37097     138 38 23.93130   165.4975   1  13   0.0010   0.0006  -0.0033   179.2920    -0.3334     0.0044 17455.9
2422 357390.700    -34 58 17.37096     138 38 23.93129   165.4974   1  13  -0.0017   0.0021   0.0004   179.2897    -0.3325    -0.0003 17455.9
2422 357390.800    -34 58 17.37095     138 38 23.93128   165.4976   1  13  -0.0041   0.0037   0.0039   179.2917    -0.3332     0.0049 17455.9
2422 357390.900    -34 58 17.37094     138 38 23.93126   165.4982   1  13  -0.0064   0.0056   0.0069   179.2915    -0.3356     0.0032 17455.9
2422 357391.000    -34 58 17.37092     138 38 23.93123   165.4990   1  13  -0.0004   0.0009  -0.0013   179.2939    -0.3400     0.0011 20826.0
2422 357391.100    -34 58 17.37093     138 38 23.93126   165.4979   1  13   0.0052  -0.0044  -0.0099   179.3002    -0.3358     0.0077 20826.0
2422 357391.200    -34 58 17.37094     138 38 23.93127   165.4970   1  13   0.0020  -0.0030  -0.0073   179.3054    -0.3321     0.0033 20826.0
2422 357391.300    -34 58 17.37095     138 38 23.93127   165.4965   1  13  -0.0010  -0.0009  -0.0038   179.2970    -0.3274     0.0046 20826.0
2422 357391.400    -34 58 17.37095     138 38 23.93127   165.4963   1  13  -0.0033   0.0009  -0.0008   179.2941    -0.3235     0.0125 20826.0
2422 357391.500    -34 58 17.37094     138 38 23.93125   165.4963   1  13  -0.0052   0.0028   0.0013   179.2950    -0.3250     0.0099 20826.0
2422 357391.600    -34 58 17.37093     138 38 23.93122   165.4965   1  13  -0.0074   0.0044   0.0038   179.2991    -0.3250     0.0071 20826.0
2422 357391.700    -34 58 17.37092     138 38 23.93119   165.4971   1  13  -0.0100   0.0057   0.0072   179.2972    -0.3203     0.0033 20826.0
2422 357391.800    -34 58 17.37090     138 38 23.93115   165.4980   1  13  -0.0122   0.0075   0.0104   179.3049    -0.3275     0.0052 20826.0
2422 357391.900    -34 58 17.37087     138 38 23.93109   165.4992   1  13  -0.0144   0.0101   0.0126   179.3136    -0.3292    -0.0018 20826.0
2422 357392.000    -34 58 17.37083     138 38 23.93103   165.5005   1  13  -0.0018   0.0006  -0.0011   179.3137    -0.3274     0.0011 20702.7
2422 357392.100    -34 58 17.37086     138 38 23.93108   165.4989   1  13   0.0109  -0.0095  -0.0138   179.3128    -0.3224     0.0048 20702.7
2422 357392.200    -34 58 17.37089     138 38 23.93112   165.4977   1  13   0.0086  -0.0072  -0.0101   179.3089    -0.3178    -0.0002 20702.7
2422 357392.300    -34 58 17.37091     138 38 23.93115   165.4969   1  13   0.0057  -0.0043  -0.0060   179.3021    -0.3118     0.0071 20702.7
2422 357392.400    -34 58 17.37092     138 38 23.93116   165.4965   1  13   0.0029  -0.0020  -0.0024   179.3038    -0.3084    -0.0026 20702.7
2422 357392.500    -34 58 17.37092     138 38 23.93117   165.4964   1  13   0.0010  -0.0005   0.0005   179.3060    -0.3039    -0.0013 20702.7
2422 357392.600    -34 58 17.37092     138 38 23.93117   165.4966   1  13  -0.0009   0.0008   0.0032   179.2977    -0.2967     0.0059 20702.7
2422 357392.700    -34 58 17.37092     138 38 23.93116   165.4971   1  13  -0.0038   0.0023   0.0061   179.3002    -0.2989    -0.0020 20702.7
2422 357392.800    -34 58 17.37091     138 38 23.93114   165.4978   1  13  -0.0073   0.0043   0.0090   179.3007    -0.2919     0.0048 20702.7
2422 357392.900    -34 58 17.37089     138 38 23.93111   165.4989   1  13  -0.0107   0.0063   0.0116   179.3023    -0.2854     0.0008 20702.7
2422 357393.000    -34 58 17.37087     138 38 23.93106   165.5002   1  13  -0.0004  -0.0006  -0.0013   179.2979    -0.2879     0.0009 18138.9
2422 357393.100    -34 58 17.37089     138 38 23.93110   165.4986   1  13   0.0104  -0.0080  -0.0141   179.2958    -0.2857    -0.0049 18138.9
2422 357393.200    -34 58 17.37092     138 38 23.93114   165.4974   1  13   0.0079  -0.0067  -0.0109   179.2927    -0.2795    -0.0035 18138.9
2422 357393.300    -34 58 17.37094     138 38 23.93116   165.4964   1  13   0.0054  -0.0046  -0.0078   179.2995    -0.2810    -0.0042 18138.9
2422 357393.400    -34 58 17.37095     138 38 23.93118   165.4958   1  13   0.0034  -0.0026  -0.0054   179.2983    -0.2775    -0.0043 18138.9
2422 357393.500    -34 58 17.37095     138 38 23.93119   165.4954   1  13   0.0009  -0.0011  -0.0037   179.2943    -0.2834    -0.0007 18138.9
2422 357393.600    -34 58 17.37096     138 38 23.93119   165.4951   1  13  -0.0022   0.0002  -0.0016   179.2890    -0.2849    -0.0020 18138.9
2422 357393.700    -34 58 17.37095     138 38 23.93117   165.4950   1  13  -0.0050   0.0017   0.0014   179.2867    -0.2924     0.0059 18138.9
2422 357393.800    -34 58 17.37094     138 38 23.93115   165.4953   1  13  -0.0072   0.0037   0.0043   179.2847    -0.2949     0.0054 18138.9
2422 357393.900    -34 58 17.37093     138 38 23.93112   165.4959   1  13  -0.0099   0.0063   0.0067   179.2806    -0.2977     0.0037 18138.9
2422 357394.000    -34 58 17.37090     138 38 23.93107   165.4967   1  12   0.0006   0.0013   0.0014   179.2824    -0.2998     0.0010 21671.7
2422 357394.100    -34 58 17.37092     138 38 23.93112   165.4962   1  12   0.0116  -0.0040  -0.0043   179.2857    -0.3010     0.0004 21671.7
2422 357394.200    -34 58 17.37093     138 38 23.93116   165.4958   1  12   0.0098  -0.0028  -0.0019   179.2840    -0.3025     0.0017 21671.7
2422 357394.300    -34 58 17.37094     138 38 23.93120   165.4958   1  12   0.0078  -0.0023   0.0014   179.2829    -0.3019    -0.0048 21671.7
2422 357394.400    -34 58 17.37094     138 38 23.93122   165.4961   1  12   0.0052  -0.0012   0.0043   179.2863    -0.3003    -0.0071 21671.7
2422 357394.500    -34 58 17.37095     138 38 23.93124   165.4967   1  12   0.0021   0.0004   0.0063   179.2900    -0.3012    -0.0014 21671.7
2422 357394.600    -34 58 17.37094     138 38 23.93124   165.4974   1  12  -0.0017   0.0022   0.0083   179.2852    -0.2999    -0.0007 21671.7
2422 357394.700    -34 58 17.37093     138 38 23.93123   165.4983   1  12  -0.0054   0.0044   0.0114   179.2824    -0.2947    -0.0055 21671.7
2422 357394.800    -34 58 17.37091     138 38 23.93120   165.4996   1  12  -0.0086   0.0070   0.0151   179.2819    -0.2947    -0.0078 21671.7
2422 357394.900    -34 58 17.37089     138 38 23.93116   165.5013   1  12  -0.0114   0.0094   0.0176   179.2837    -0.2914    -0.0001 21671.7
2422 357395.000    -34 58 17.37085     138 38 23.93111   165.5032   1  13   0.0000   0.0014   0.0026   179.2882    -0.2939     0.0010 15955.4
2422 357395.100    -34 58 17.37088     138 38 23.93116   165.5018   1  13   0.0118  -0.0072  -0.0114   179.2927    -0.2932     0.0087 15955.4
2422 357395.200    -34 58 17.37090     138 38 23.93120   165.5009   1  13   0.0098  -0.0062  -0.0075   179.2965    -0.2991    -0.0003 15955.4
2422 357395.300    -34 58 17.37092     138 38 23.93124   165.5003   1  13   0.0073  -0.0053  -0.0037   179.2964    -0.2957    -0.0001 15955.4
2422 357395.400    -34 58 17.37093     138 38 23.93126   165.5001   1  13   0.0040  -0.0041  -0.0016   179.2989    -0.2975    -0.0034 15955.4
2422 357395.500    -34 58 17.37094     138 38 23.93127   165.5000   1  13   0.0002  -0.0022  -0.0007   179.3052    -0.2978    -0.0058 15955.4
2422 357395.600    -34 58 17.37095     138 38 23.93126   165.5000   1  13  -0.0031   0.0000   0.0002   179.3059    -0.2998    -0.0038 15955.4
2422 357395.700    -34 58 17.37094     138 38 23.93124   165.5001   1  13  -0.0057   0.0024   0.0024   179.3093    -0.2974    -0.0033 15955.4
2422 357395.800    -34 58 17.37093     138 38 23.93122   165.5005   1  13  -0.0085   0.0047   0.0051   179.3137    -0.3011     0.0015 15955.4
2422 357395.900    -34 58 17.37091     138 38 23.93118   165.5011   1  13  -0.0114   0.0065   0.0069   179.3190    -0.3009     0.0017 15955.4
2422 357396.000    -34 58 17.37089     138 38 23.93113   165.5019   1  12  -0.0019   0.0014  -0.0010   179.3237    -0.3030     0.0010 21885.6
2422 357396.100    -34 58 17.37090     138 38 23.93116   165.5009   1  12   0.0077  -0.0040  -0.0081   179.3165    -0.3029    -0.0017 21885.6
2422 357396.200    -34 58 17.37092     138 38 23.93119   165.5002   1  12   0.0045  -0.0033  -0.0051   179.3115    -0.3104     0.0058 21885.6
2422 357396.300    -34 58 17.37093     138 38 23.93120   165.4999   1  12   0.0008  -0.0023  -0.0021   179.3071    -0.3133     0.0113 21885.6
2422 357396.400    -34 58 17.37093     138 38 23.93119   165.4998   1  12  -0.0026  -0.0002  -0.0000   179.2986    -0.3109     0.0086 21885.6
2422 357396.500    -34 58 17.37093     138 38 23.93118   165.4999   1  12  -0.0053   0.0015   0.0013   179.2918    -0.3095     0.0075 21885.6
2422 357396.600    -34 58 17.37092     138 38 23.93115   165.5001   1  12  -0.0069   0.0030   0.0025   179.2793    -0.3062     0.0040 21885.6
2422 357396.700    -34 58 17.37091     138 38 23.93112   165.5004   1  12  -0.0085   0.0046   0.0039   179.2771    -0.3001     0.0044 21885.6
2422 357396.800    -34 58 17.37089     138 38 23.93108   165.5008   1  12  -0.0108   0.0070   0.0059   179.2711    -0.3088    -0.0044 21885.6
2422 357396.900    -34 58 17.37086     138 38 23.93104   165.5016   1  12  -0.0134   0.0100   0.0085   179.2719    -0.3162     0.0027 21885.6
2422 357397.000    -34 58 17.37083     138 38 23.93098   165.5025   1  12  -0.0004   0.0009  -0.0020   179.2641    -0.3203     0.0011 21652.8
2422 357397.100    -34 58 17.37086     138 38 23.93103   165.5011   1  12   0.0126  -0.0094  -0.0132   179.2632    -0.2276     0.0004 21652.8
2422 357397.200    -34 58 17.37089     138 38 23.93108   165.4999   1  12   0.0096  -0.0084  -0.0110   179.2578    -0.1347    -0.0130 21652.8
2422 357397.300    -34 58 17.37091     138 38 23.93111   165.4989   1  12   0.0069  -0.0062  -0.0080   179.2508    -0.0426    -0.0127 21652.8
2422 357397.400    -34 58 17.37093     138 38 23.93113   165.4983   1  12   0.0046  -0.0033  -0.0053   179.2427     0.0471    -0.0154 21652.8
2422 357397.500    -34 58 17.37093     138 38 23.93114   165.4979   1  12   0.0026  -0.0013  -0.0030   179.2420     0.1369    -0.0233 21652.8
2422 357397.600    -34 58 17.37094     138 38 23.93115   165.4977   1  12   0.0008  -0.0004  -0.0005   179.2343     0.2266    -0.0184 21652.8
2422 357397.700    -34 58 17.37094     138 38 23.93115   165.4978   1  12  -0.0017   0.0004   0.0024   179.2266     0.3130    -0.0158 21652.8
2422 357397.800    -34 58 17.37093     138 38 23.93114   165.4982   1  12  -0.0048   0.0021   0.0055   179.2160     0.3987    -0.0147 21652.8
2422 357397.900    -34 58 17.37092     138 38 23.93111   165.4989   1  12  -0.0079   0.0047   0.0085   179.2107     0.4848    -0.0083 21652.8
2422 357398.000    -34 58 17.37090     138 38 23.93108   165.4999   1  12  -0.0263  -0.0246   0.0028   179.2037     0.5760    -0.0013 22097.7
2422 357398.100    -34 58 17.37108     138 38 23.93091   165.4994   1  12  -0.0369  -0.0539  -0.0043   179.3339     0.4177     0.1173 22097.7
2422 357398.200    -34 58 17.37125     138 38 23.93078   165.4990   1  12  -0.0250  -0.0507  -0.0033   179.4675     0.2561     0.2273 22097.7
2422 357398.300    -34 58 17.37141     138 38 23.93071   165.4988   1  12  -0.0134  -0.0467  -0.0011   179.5944     0.0955     0.3343 22097.7
2422 357398.400    -34 58 17.37156     138 38 23.93068   165.4988   1  12  -0.0008  -0.0425   0.0013   179.7229    -0.0702     0.4439 22097.7
2422 357398.500    -34 58 17.37169     138 38 23.93070   165.4990   1  12   0.0186  -0.0387  -0.0028   179.8571    -0.2307     0.5544 22097.7
2422 357398.600    -34 58 17.37181     138 38 23.93083   165.4982   1  12   0.0312  -0.0420  -0.0214  -179.9842     0.1056     0.6544 22097.7
2422 357398.700    -34 58 17.37196     138 38 23.93095   165.4948   1  12   0.0090  -0.0598  -0.0140  -179.7940    -1.0670     0.9683 22097.7
2422 357398.800    -34 58 17.37219     138 38 23.93090   165.4954   1  12  -0.0364  -0.0822   0.0320  -179.3496    -1.5006     1.1821 22097.7
2422 357398.900    -34 58 17.37249     138 38 23.93066   165.5012   1  12  -0.0749  -0.0783   0.0763  -179.3255    -1.3016     0.7631 22097.7
2422 357399.000    -34 58 17.37270     138 38 23.93031   165.5107   1  12  -0.1215   0.0145   0.0693   179.7080    -1.6523     0.0044 23791.0
2422 357399.100    -34 58 17.37240     138 38 23.92970   165.5150   1  12  -0.1128   0.1221   0.0356   179.2914    -0.9007    -0.3838 23791.0
2422 357399.200    -34 58 17.37191     138 38 23.92942   165.5178   1  12  -0.0407   0.1544  -0.0102   179.3398    -0.2419     0.0442 23791.0
2422 357399.300    -34 58 17.37140     138 38 23.92938   165.5130   1  12   0.0035   0.1312  -0.0677   179.9569    -0.3294     0.9862 23791.0
2422 357399.400    -34 58 17.37106     138 38 23.92944   165.5043   1  12   0.0258   0.0617  -0.0792  -179.6061    -0.3971     1.5346 23791.0
2422 357399.500    -34 58 17.37100     138 38 23.92959   165.4971   1  12   0.0507  -0.0177  -0.0595  -179.5507    -0.1842     1.1034 23791.0
2422 357399.600    -34 58 17.37117     138 38 23.92984   165.4924   1  12   0.0678  -0.0713  -0.0411   179.7477     0.0971     0.2966 23791.0
2422 357399.700    -34 58 17.37146     138 38 23.93012   165.4889   1  12   0.0486  -0.0779  -0.0283   179.2747    -0.0869    -0.2586 23791.0
2422 357399.800    -34 58 17.37168     138 38 23.93023   165.4867   1  12  -0.0034  -0.0496   0.0121   178.4353    -0.7300    -0.6730 23791.0
2422 357399.900    -34 58 17.37178     138 38 23.93009   165.4914   1  12  -0.0502  -0.0235   0.0518   178.5676    -0.5084    -0.4320 23791.0
2422 357400.000    -34 58 17.37183     138 38 23.92983   165.4971   1  12  -0.0275   0.0079   0.0377   178.8248    -0.3530     0.0018 22066.1
2422 357400.100    -34 58 17.37173     138 38 23.92988   165.4989   1  12   0.0115   0.0060   0.0163   179.7615    -0.5865     0.5755 22066.1
2422 357400.200    -34 58 17.37179     138 38 23.92992   165.5004   1  12   0.0178  -0.0363   0.0095   179.5488    -0.1250     0.2575 22066.1
2422 357400.300    -34 58 17.37196     138 38 23.93002   165.5008   1  12   0.0240  -0.0493   0.0036   179.2462    -0.1645    -0.3634 22066.1
2422 357400.400    -34 58 17.37211     138 38 23.93011   165.5011   1  12   0.0243  -0.0222   0.0049   178.8617    -0.2962    -0.5912 22066.1
2422 357400.500    -34 58 17.37211     138 38 23.93021   165.5018   1  12   0.0215   0.0242   0.0018   178.8870    -0.0453    -0.5677 22066.1
2422 357400.600    -34 58 17.37196     138 38 23.93028   165.5014   1  12   0.0093   0.0508  -0.0028   179.1256    -0.1285    -0.2325 22066.1
2422 357400.700    -34 58 17.37178     138 38 23.93028   165.5012   1  12   0.0009   0.0460   0.0025   179.4028    -0.2497     0.2811 22066.1
2422 357400.800    -34 58 17.37166     138 38 23.93029   165.5019   1  12   0.0062   0.0257   0.0037   179.8069     0.0609     0.3341 22066.1
2422 357400.900    -34 58 17.37161     138 38 23.93033   165.5019   1  12   0.0079   0.0154   0.0038   179.4765    -0.0865     0.0356 22066.1
2422 357401.000    -34 58 17.37156     138 38 23.93035   165.5027   1  12  -0.0016   0.0094   0.0065   179.3739    -0.2422     0.0009 23423.6
2422 357401.100    -34 58 17.37155     138 38 23.93032   165.5032   1  12  -0.0121   0.0065  -0.0035   179.1347     0.0276    -0.2458 23423.6
2422 357401.200    -34 58 17.37152     138 38 23.93026   165.5020   1  12  -0.0154   0.0064  -0.0133   179.4537    -0.1190     0.1010 23423.6
2422 357401.300    -34 58 17.37151     138 38 23.93020   165.5006   1  12  -0.0075  -0.0027  -0.0139   179.3760    -0.0172     0.2207 23423.6
2422 357401.400    -34 58 17.37153     138 38 23.93020   165.4992   1  12   0.0039  -0.0055  -0.0098   179.3879     0.0440    -0.0567 23423.6
2422 357401.500    -34 58 17.37154     138 38 23.93023   165.4986   1  12   0.0100   0.0056   0.0000   179.1624    -0.2956    -0.0644 23423.6
2422 357401.600    -34 58 17.37150     138 38 23.93028   165.4992   1  12   0.0128   0.0160   0.0012   179.2673    -0.1538    -0.0232 23423.6
2422 357401.700    -34 58 17.37144     138 38 23.93033   165.4989   1  12   0.0127   0.0103  -0.0015   179.3450    -0.3460     0.1318 23423.6
2422 357401.800    -34 58 17.37143     138 38 23.93038   165.4989   1  12   0.0143   0.0005   0.0034   179.3002    -0.3448     0.1822 23423.6
2422 357401.900    -34 58 17.37144     138 38 23.93044   165.4996   1  12   0.0193  -0.0012   0.0051   179.2528    -0.2518    -0.0735 23423.6
2422 357402.000    -34 58 17.37144     138 38 23.93053   165.4999   1  13   0.0158  -0.0011   0.0012   179.1458    -0.4140     0.0015 17776.1
2422 357402.100    -34 58 17.37144     138 38 23.93057   165.4998   1  13   0.0081   0.0006  -0.0035   179.1942    -0.2566    -0.0266 17776.1
2422 357402.200    -34 58 17.37143     138 38 23.93059   165.4992   1  13   0.0035   0.0010  -0.0039   179.2376    -0.4057     0.1407 17776.1
2422 357402.300    -34 58 17.37144     138 38 23.93059   165.4990   1  13  -0.0006  -0.0056   0.0011   179.2538    -0.3063     0.1204 17776.1
2422 357402.400    -34 58 17.37147     138 38 23.93059   165.4994   1  13  -0.0015  -0.0117   0.0044   179.2617    -0.2770     0.0620 17776.1
2422 357402.500    -34 58 17.37151     138 38 23.93058   165.4999   1  13  -0.0003  -0.0115   0.0044   179.2265    -0.2668     0.0276 17776.1
2422 357402.600    -34 58 17.37154     138 38 23.93059   165.5003   1  13   0.0006  -0.0034   0.0036   179.1938    -0.2523    -0.1035 17776.1
2422 357402.700    -34 58 17.37154     138 38 23.93059   165.5006   1  13  -0.0010   0.0078   0.0032   179.1691    -0.2652    -0.0748 17776.1
2422 357402.800    -34 58 17.37149     138 38 23.93058   165.5010   1  13  -0.0046   0.0133   0.0046   179.2445    -0.2934     0.0044 17776.1
2422 357402.900    -34 58 17.37145     138 38 23.93055   165.5015   1  13  -0.0084   0.0091   0.0068   179.2690    -0.2708     0.0864 17776.1
2422 357403.000    -34 58 17.37143     138 38 23.93051   165.5023   1  12   0.0009  -0.0023   0.0071   179.2704    -0.2490     0.0012 24357.9
2422 357403.100    -34 58 17.37146     138 38 23.93056   165.5029   1  12   0.0093  -0.0079   0.0047   179.1968    -0.1928    -0.0423 24357.9
2422 357403.200    -34 58 17.37149     138 38 23.93058   165.5032   1  12   0.0046  -0.0029   0.0021   179.1859    -0.0599    -0.1013 24357.9
2422 357403.300    -34 58 17.37148     138 38 23.93059   165.5034   1  12   0.0011   0.0039   0.0014   179.1642     0.0331    -0.0572 24357.9
2422 357403.400    -34 58 17.37146     138 38 23.93059   165.5035   1  12  -0.0008   0.0084   0.0024   179.1654     0.1189    -0.0384 24357.9
2422 357403.500    -34 58 17.37143     138 38 23.93059   165.5038   1  12  -0.0017   0.0071   0.0032   179.1570     0.1951     0.0477 24357.9
2422 357403.600    -34 58 17.37141     138 38 23.93058   165.5042   1  12  -0.0020   0.0010   0.0029   179.1752     0.2821     0.0794 24357.9
2422 357403.700    -34 58 17.37142     138 38 23.93057   165.5044   1  12  -0.0022  -0.0040   0.0026   179.1373     0.3733     0.0448 24357.9
2422 357403.800    -34 58 17.37144     138 38 23.93056   165.5047   1  12  -0.0032  -0.0011   0.0032   179.0947     0.4650    -0.0609 24357.9
2422 357403.900    -34 58 17.37143     138 38 23.93055   165.5051   1  12  -0.0048   0.0080   0.0037   179.0599     0.5498    -0.0544 24357.9
2422 357404.000    -34 58 17.37139     138 38 23.93052   165.5054   1  12  -0.0339  -0.0102  -0.0014   179.0711     0.6321    -0.0017 23002.4
2422 357404.100    -34 58 17.37150     138 38 23.93028   165.5048   1  12  -0.0565  -0.0339  -0.0068   179.0872     0.4489     0.0355 23002.4
2422 357404.200    -34 58 17.37161     138 38 23.93008   165.5041   1  12  -0.0442  -0.0350  -0.0074   179.0863     0.3002     0.0037 23002.4
2422 357404.300    -34 58 17.37172     138 38 23.92993   165.5033   1  12  -0.0313  -0.0354  -0.0082   179.0585     0.1463    -0.0500 23002.4
2422 357404.400    -34 58 17.37184     138 38 23.92983   165.5024   1  12  -0.0185  -0.0318  -0.0083   179.0390    -0.0185    -0.1196 23002.4
2422 357404.500    -34 58 17.37193     138 38 23.92978   165.5016   1  12  -0.0051  -0.0230  -0.0083   179.0150    -0.1725    -0.1743 23002.4
2422 357404.600    -34 58 17.37199     138 38 23.92979   165.5008   1  12   0.0101  -0.0128  -0.0097   179.0139    -0.3329    -0.2054 23002.4
2422 357404.700    -34 58 17.37201     138 38 23.92986   165.4997   1  12   0.0214  -0.0079  -0.0194   179.0181    -0.4953    -0.1857 23002.4
2422 357404.800    -34 58 17.37204     138 38 23.92996   165.4969   1  12   0.0190  -0.0129  -0.0369   179.0796    -0.4800    -0.1682 23002.4
2422 357404.900    -34 58 17.37210     138 38 23.93001   165.4923   1  12  -0.0171  -0.0129  -0.0318   178.9992    -1.3076     0.0358 23002.4
2422 357405.000    -34 58 17.37212     138 38 23.92983   165.4905   1  13  -0.0523  -0.0719   0.0198   178.8994    -2.0257     0.0073 19349.7
2422 357405.100    -34 58 17.37256     138 38 23.92960   165.4963   1  13  -0.1228  -0.1335   0.0807   178.9809    -2.1900     0.0160 19349.7
2422 357405.200    -34 58 17.37299     138 38 23.92886   165.5067   1  13  -0.2390  -0.1200   0.1304   178.8497    -3.2676     0.2168 19349.7
2422 357405.300    -34 58 17.37334     138 38 23.92772   165.5224   1  13  -0.2777  -0.1084   0.1418   179.1186    -2.5275     0.0700 19349.7
2422 357405.400    -34 58 17.37369     138 38 23.92667   165.5350   1  13  -0.2149  -0.1123   0.0805   179.4869    -0.7047    -0.3703 19349.7
2422 357405.500    -34 58 17.37407     138 38 23.92602   165.5385   1  13  -0.1248  -0.1022  -0.0082   179.2236    -0.9697    -0.2621 19349.7
2422 357405.600    -34 58 17.37435     138 38 23.92568   165.5334   1  13  -0.0629  -0.0699  -0.0886   178.8829    -0.7247     0.0277 19349.7
2422 357405.700    -34 58 17.37453     138 38 23.92553   165.5207   1  13  -0.0308  -0.0668  -0.1216   179.6536     0.0278     0.3009 19349.7
2422 357405.800    -34 58 17.37479     138 38 23.92544   165.5090   1  13  -0.0227  -0.1099  -0.1017   179.9028    -0.6476     0.6758 19349.7
2422 357405.900    -34 58 17.37524     138 38 23.92535   165.5004   1  13  -0.0232  -0.1589  -0.0846   179.8148    -0.3580     0.6409 19349.7
2422 357406.000    -34 58 17.37582     138 38 23.92526   165.4921   1  13   0.0219  -0.0839  -0.0643   179.6246     0.0427     0.0005 16255.6
2422 357406.100    -34 58 17.37578     138 38 23.92552   165.4875   1  13   0.0545   0.0153  -0.0412   179.5778    -0.2890    -0.0158 16255.6
2422 357406.200    -34 58 17.37572     138 38 23.92569   165.4839   1  13   0.0313   0.0288  -0.0247   179.3463    -0.4597     0.1661 16255.6
2422 357406.300    -34 58 17.37560     138 38 23.92577   165.4826   1  13   0.0006   0.0433  -0.0054   179.2945    -0.4740     0.0431 16255.6
2422 357406.400    -34 58 17.37544     138 38 23.92569   165.4828   1  13  -0.0265   0.0382   0.0069   179.3590    -0.5381     0.2869 16255.6
2422 357406.500    -34 58 17.37535     138 38 23.92556   165.4840   1  13  -0.0258   0.0083   0.0194   179.4410    -0.2984     0.4995 16255.6
2422 357406.600    -34 58 17.37539     138 38 23.92549   165.4867   1  13  -0.0032  -0.0292   0.0312   179.6757    -0.2653     0.3608 16255.6
2422 357406.700    -34 58 17.37554     138 38 23.92553   165.4902   1  13   0.0229  -0.0452   0.0359   179.2226    -0.1041    -0.0548 16255.6
2422 357406.800    -34 58 17.37568     138 38 23.92567   165.4939   1  13   0.0283  -0.0262   0.0338   178.9741    -0.0249    -0.3874 16255.6
2422 357406.900    -34 58 17.37571     138 38 23.92576   165.4970   1  13   0.0142   0.0048   0.0333   178.8375    -0.1720    -0.2831 16255.6
2422 357407.000    -34 58 17.37565     138 38 23.92578   165.5005   1  12   0.0047   0.0155   0.0159   178.9654    -0.0927     0.0014 20162.5
2422 357407.100    -34 58 17.37561     138 38 23.92579   165.5002   1  12   0.0063   0.0018  -0.0054   179.2386     0.0149     0.2054 20162.5
2422 357407.200    -34 58 17.37564     138 38 23.92583   165.4995   1  12   0.0090  -0.0169  -0.0052   179.2591     0.2076     0.2031 20162.5
2422 357407.300    -34 58 17.37572     138 38 23.92586   165.4991   1  12   0.0076  -0.0248   0.0045   179.3268     0.2086     0.1786 20162.5
2422 357407.400    -34 58 17.37580     138 38 23.92589   165.5004   1  12   0.0087  -0.0155   0.0149   179.2636     0.3622    -0.0657 20162.5
2422 357407.500    -34 58 17.37582     138 38 23.92593   165.5021   1  12   0.0132   0.0027   0.0147   179.2496     0.5993    -0.1576 20162.5
2422 357407.600    -34 58 17.37578     138 38 23.92599   165.5033   1  12   0.0138   0.0154   0.0085   179.3819     0.5414     0.0538 20162.5
2422 357407.700    -34 58 17.37572     138 38 23.92604   165.5038   1  12   0.0134   0.0164   0.0005   179.5207     0.7607     0.1295 20162.5
2422 357407.800    -34 58 17.37567     138 38 23.92610   165.5034   1  12   0.0140   0.0111  -0.0116   179.6044     0.9034     0.1013 20162.5
2422 357407.900    -34 58 17.37565     138 38 23.92615   165.5015   1  12   0.0045   0.0147  -0.0193   179.5713     0.9815    -0.0001 20162.5
2422 357408.000    -34 58 17.37558     138 38 23.92613   165.4995   1  12   0.0124  -0.0378  -0.0072   179.5452     0.9906    -0.0523 22344.5
2422 357408.100    -34 58 17.37589     138 38 23.92625   165.5001   1  12   0.0290  -0.1020   0.0044   179.2687     1.2191   -13.1290 22344.5
2422 357408.200    -34 58 17.37624     138 38 23.92636   165.5004   1  12   0.0237  -0.1161   0.0018   179.0199     1.2455   -26.0930 22344.5
2422 357408.300    -34 58 17.37664     138 38 23.92644   165.5004   1  12   0.0143  -0.1301  -0.0064   178.7965     1.0295   -39.0671 22344.5
2422 357408.400    -34 58 17.37708     138 38 23.92648   165.4991   1  12   0.0008  -0.1380  -0.0186   178.0646     1.3438   -52.2559 22344.5
2422 357408.500    -34 58 17.37754     138 38 23.92644   165.4967   1  12  -0.0430  -0.1389  -0.0123   178.5610     0.5252   -65.2793 22344.5
2422 357408.600    -34 58 17.37798     138 38 23.92614   165.4967   1  12  -0.1072  -0.1350   0.0233   179.0994     0.3321   -78.2647 22344.5
2422 357408.700    -34 58 17.37842     138 38 23.92560   165.5014   1  12  -0.1618  -0.1149   0.0467   178.7043     0.2732   -91.6436 22344.5
2422 357408.800    -34 58 17.37873     138 38 23.92486   165.5060   1  12  -0.2108  -0.0587   0.0434   178.9891    -0.2856  -105.3933 22344.5
2422 357408.900    -34 58 17.37880     138 38 23.92394   165.5100   1  12  -0.2313   0.0223   0.0457   179.2563    -0.6715  -118.5526 22344.5
2422 357409.000    -34 58 17.37859     138 38 23.92304   165.5152   1  12  -0.1953  -0.0956   0.0630   178.8665    -0.9473  -131.3071 23697.9
2422 357409.100    -34 58 17.37942     138 38 23.92240   165.5226   1  12  -0.1753  -0.2463   0.0596   179.5475    -1.1216  -130.6780 23697.9
2422 357409.200    -34 58 17.38018     138 38 23.92166   165.5271   1  12  -0.2036  -0.2200   0.0357   179.8237    -1.0687  -130.3114 23697.9
2422 357409.300    -34 58 17.38084     138 38 23.92079   165.5298   1  12  -0.2262  -0.1924   0.0259   179.4739    -0.9208  -130.5955 23697.9
2422 357409.400    -34 58 17.38143     138 38 23.91987   165.5323   1  12  -0.2249  -0.1687   0.0198   179.6111    -0.9964  -130.8706 23697.9
2422 357409.500    -34 58 17.38194     138 38 23.91902   165.5337   1  12  -0.2013  -0.1611   0.0157   179.1384    -0.8153  -131.0817 23697.9
2422 357409.600    -34 58 17.38248     138 38 23.91829   165.5354   1  12  -0.1657  -0.1823   0.0174   178.7510    -0.5231  -131.3440 23697.9
2422 357409.700    -34 58 17.38312     138 38 23.91771   165.5372   1  12  -0.1339  -0.1976   0.0128   179.1760    -0.6248  -131.0096 23697.9
2422 357409.800    -34 58 17.38376     138 38 23.91723   165.5380   1  12  -0.1267  -0.1933   0.0034   179.3370    -0.5686  -130.4560 23697.9
2422 357409.900    -34 58 17.38438     138 38 23.91671   165.5379   1  12  -0.1402  -0.1852   0.0008   179.4126    -0.3099  -130.3572 23697.9
2422 357410.000    -34 58 17.38496     138 38 23.91612   165.5381   1  13  -0.1731  -0.1767  -0.0062   179.4738    -0.4837  -130.3712 17052.6
2422 357410.100    -34 58 17.38552     138 38 23.91535   165.5367   1  13  -0.1945  -0.1691  -0.0138   179.3545    -0.5024  -130.4051 17052.6
2422 357410.200    -34 58 17.38606     138 38 23.91459   165.5354   1  13  -0.1861  -0.1776  -0.0097   178.8837    -0.2297  -130.7248 17052.6
2422 357410.300    -34 58 17.38668     138 38 23.91388   165.5347   1  13  -0.1728  -0.1974  -0.0094   179.3480    -0.3412  -130.5539 17052.6
2422 357410.400    -34 58 17.38734     138 38 23.91323   165.5335   1  13  -0.1631  -0.2130  -0.0114   179.3454    -0.4426  -130.2972 17052.6
2422 357410.500    -34 58 17.38806     138 38 23.91259   165.5324   1  13  -0.1619  -0.2302  -0.0096   179.0355    -0.2174  -130.2254 17052.6
2422 357410.600    -34 58 17.38884     138 38 23.91195   165.5316   1  13  -0.1623  -0.2284  -0.0144   179.5016    -0.5464  -129.8010 17052.6
2422 357410.700    -34 58 17.38954     138 38 23.91132   165.5296   1  13  -0.1608  -0.2094  -0.0230   179.5214    -0.5609  -129.6385 17052.6
2422 357410.800    -34 58 17.39020     138 38 23.91068   165.5270   1  13  -0.1561  -0.2100  -0.0254   179.2472    -0.2544  -129.8820 17052.6
2422 357410.900    -34 58 17.39090     138 38 23.91008   165.5245   1  13  -0.1450  -0.2248  -0.0239   179.4782    -0.5771  -129.8199 17052.6
2422 357411.000    -34 58 17.39165     138 38 23.90954   165.5222   1  13  -0.1646  -0.2242  -0.0028   179.4251    -0.4610  -129.6255 16748.1
2422 357411.100    -34 58 17.39236     138 38 23.90879   165.5239   1  13  -0.1893  -0.2234   0.0157   179.0537    -0.5080  -129.9759 16748.1
2422 357411.200    -34 58 17.39310     138 38 23.90805   165.5253   1  13  -0.1867  -0.2208   0.0073   179.7322    -0.5618  -129.9235 16748.1
2422 357411.300    -34 58 17.39379     138 38 23.90732   165.5254   1  13  -0.1842  -0.2099   0.0021   179.5403    -0.6946  -130.1210 16748.1
2422 357411.400    -34 58 17.39447     138 38 23.90660   165.5258   1  13  -0.1826  -0.2142   0.0019   179.2230    -0.4678  -130.5813 16748.1
2422 357411.500    -34 58 17.39518     138 38 23.90588   165.5258   1  13  -0.1829  -0.2131  -0.0045   179.7917    -0.6508  -130.6047 16748.1
2422 357411.600    -34 58 17.39585     138 38 23.90515   165.5249   1  13  -0.1792  -0.1981  -0.0112   179.6974    -0.8272  -130.6841 16748.1
2422 357411.700    -34 58 17.39647     138 38 23.90446   165.5235   1  13  -0.1701  -0.1936  -0.0153   179.3828    -0.5018  -131.1091 16748.1
2422 357411.800    -34 58 17.39711     138 38 23.90381   165.5218   1  13  -0.1584  -0.1931  -0.0200   179.7984    -0.7092  -131.3208 16748.1
2422 357411.900    -34 58 17.39772     138 38 23.90321   165.5195   1  13  -0.1461  -0.1903  -0.0213   179.7778    -0.7120  -131.4214 16748.1
2422 357412.000    -34 58 17.39834     138 38 23.90266   165.5175   1  12  -0.1595  -0.2180   0.0077   179.4167    -0.5325  -131.8020 20442.2
2422 357412.100    -34 58 17.39914     138 38 23.90196   165.5211   1  12  -0.1819  -0.2368   0.0334   179.8893    -0.6718  -131.6080 20442.2
2422 357412.200    -34 58 17.39988     138 38 23.90123   165.5242   1  12  -0.1897  -0.2183   0.0269   179.8278    -0.6829  -131.5011 20442.2
2422 357412.300    -34 58 17.40055     138 38 23.90046   165.5265   1  12  -0.1935  -0.2090   0.0201   179.2527    -0.3844  -131.8316 20442.2
2422 357412.400    -34 58 17.40123     138 38 23.89970   165.5282   1  12  -0.1897  -0.2017   0.0118   179.6845    -0.4638  -131.7315 20442.2
2422 357412.500    -34 58 17.40186     138 38 23.89896   165.5288   1  12  -0.1837  -0.1840   0.0059   179.5656    -0.5675  -131.6541 20442.2
2422 357412.600    -34 58 17.40243     138 38 23.89825   165.5294   1  12  -0.1750  -0.1761   0.0157   179.0337    -0.3331  -131.8738 20442.2
2422 357412.700    -34 58 17.40301     138 38 23.89759   165.5320   1  12  -0.1701  -0.1745   0.0251   179.4589    -0.4604  -131.7906 20442.2
2422 357412.800    -34 58 17.40356     138 38 23.89691   165.5344   1  12  -0.1791  -0.1669   0.0186   179.4636    -0.4325  -131.7404 20442.2
2422 357412.900    -34 58 17.40409     138 38 23.89617   165.5357   1  12  -0.1858  -0.1657   0.0102   178.8392    -0.2105  -131.9618 20442.2
2422 357413.000    -34 58 17.40464     138 38 23.89545   165.5364   1  11  -0.1869  -0.1835   0.0094   179.1739    -0.3365  -131.7944 27150.9
2422 357413.100    -34 58 17.40528     138 38 23.89470   165.5376   1  11  -0.1900  -0.1909   0.0085   179.2880    -0.4502  -131.4685 27150.9
2422 357413.200    -34 58 17.40587     138 38 23.89395   165.5381   1  11  -0.1867  -0.1878   0.0069   178.7922    -0.3097  -131.4120 27150.9
2422 357413.300    -34 58 17.40650     138 38 23.89323   165.5389   1  11  -0.1786  -0.1903   0.0068   179.2140    -0.5108  -131.1328 27150.9
2422 357413.400    -34 58 17.40711     138 38 23.89254   165.5395   1  11  -0.1741  -0.1853   0.0077   179.3336    -0.6100  -130.8869 27150.9
2422 357413.500    -34 58 17.40770     138 38 23.89186   165.5405   1  11  -0.1691  -0.1918   0.0090   178.7200    -0.4324  -131.0433 27150.9
2422 357413.600    -34 58 17.40835     138 38 23.89121   165.5413   1  11  -0.1637  -0.2060   0.0024   179.1629    -0.6548  -130.6835 27150.9
2422 357413.700    -34 58 17.40904     138 38 23.89056   165.5410   1  11  -0.1682  -0.2135  -0.0059   179.2640    -0.6656  -130.3184 27150.9
2422 357413.800    -34 58 17.40974     138 38 23.88988   165.5401   1  11  -0.1692  -0.2248  -0.0067   178.7404    -0.5785  -130.3206 27150.9
2422 357413.900    -34 58 17.41050     138 38 23.88923   165.5396   1  11  -0.1570  -0.2323  -0.0076   179.1157    -0.8784  -129.9741 27150.9
2422 357414.000    -34 58 17.41125     138 38 23.88864   165.5386   1  12  -0.1716  -0.2142   0.0056   179.1698    -0.8477  -129.7631 25380.9
2422 357414.100    -34 58 17.41189     138 38 23.88788   165.5407   1  12  -0.1894  -0.2052   0.0265   178.6283    -0.7043  -130.1161 25380.9
2422 357414.200    -34 58 17.41258     138 38 23.88715   165.5439   1  12  -0.1859  -0.2133   0.0313   179.3053    -0.8091  -130.0783 25380.9
2422 357414.300    -34 58 17.41327     138 38 23.88641   165.5470   1  12  -0.1915  -0.2099   0.0320   179.4410    -0.8132  -130.2329 25380.9
2422 357414.400    -34 58 17.41394     138 38 23.88564   165.5503   1  12  -0.1869  -0.2143   0.0336   178.9163    -0.9722  -130.6862 25380.9
2422 357414.500    -34 58 17.41466     138 38 23.88494   165.5537   1  12  -0.1702  -0.2197   0.0259   179.4037    -1.0250  -130.7786 25380.9
2422 357414.600    -34 58 17.41537     138 38 23.88430   165.5555   1  12  -0.1620  -0.2072   0.0115   179.5981    -0.9465  -130.8909 25380.9
2422 357414.700    -34 58 17.41601     138 38 23.88366   165.5560   1  12  -0.1554  -0.2009   0.0009   179.0624    -0.8331  -131.2058 25380.9
2422 357414.800    -34 58 17.41667     138 38 23.88307   165.5557   1  12  -0.1443  -0.2019  -0.0055   179.6466    -0.7885  -131.3060 25380.9
2422 357414.900    -34 58 17.41732     138 38 23.88252   165.5549   1  12  -0.1354  -0.1930  -0.0053   179.6716    -0.9004  -131.5926 25380.9
2422 357415.000    -34 58 17.41792     138 38 23.88201   165.5546   1  12  -0.1572  -0.2050   0.0090   179.2909    -0.6270  -131.9041 26860.1
2422 357415.100    -34 58 17.41865     138 38 23.88128   165.5567   1  12  -0.1845  -0.2246   0.0213   179.5524    -0.6983  -131.8159 26860.1
2422 357415.200    -34 58 17.41938     138 38 23.88055   165.5589   1  12  -0.1942  -0.2205   0.0197   179.7179    -0.8320  -131.7372 26860.1
2422 357415.300    -34 58 17.42008     138 38 23.87975   165.5607   1  12  -0.2028  -0.2188   0.0127   179.1975    -0.6717  -131.8941 26860.1
2422 357415.400    -34 58 17.42080     138 38 23.87895   165.5614   1  12  -0.1988  -0.2179   0.0014   179.3240    -0.7748  -131.8624 26860.1
2422 357415.500    -34 58 17.42149     138 38 23.87818   165.5609   1  12  -0.1947  -0.1978  -0.0083   179.5664    -1.0124  -131.7142 26860.1
2422 357415.600    -34 58 17.42208     138 38 23.87742   165.5597   1  12  -0.1884  -0.1753  -0.0164   179.0175    -0.7367  -131.9423 26860.1
2422 357415.700    -34 58 17.42263     138 38 23.87670   165.5577   1  12  -0.1744  -0.1609  -0.0240   179.2301    -0.9600  -131.9516 26860.1
2422 357415.800    -34 58 17.42313     138 38 23.87604   165.5549   1  12  -0.1685  -0.1480  -0.0264   179.2810    -0.8796  -131.9109 26860.1
2422 357415.900    -34 58 17.42359     138 38 23.87537   165.5524   1  12  -0.1727  -0.1431  -0.0256   178.7522    -0.6717  -132.1393 26860.1
2422 357416.000    -34 58 17.42406     138 38 23.87468   165.5498   1  12  -0.1817  -0.1653  -0.0077   179.1982    -0.7535  -131.9012 21322.2
2422 357416.100    -34 58 17.42466     138 38 23.87394   165.5508   1  12  -0.1877  -0.1888   0.0111   179.1014    -0.7725  -131.7298 21322.2
2422 357416.200    -34 58 17.42528     138 38 23.87320   165.5520   1  12  -0.1800  -0.2001   0.0097   178.7650    -0.7254  -131.7669 21322.2
2422 357416.300    -34 58 17.42596     138 38 23.87252   165.5528   1  12  -0.1688  -0.2059   0.0017   179.2963    -0.9088  -131.3856 21322.2
2422 357416.400    -34 58 17.42662     138 38 23.87187   165.5524   1  12  -0.1628  -0.1967  -0.0074   179.2180    -0.9554  -131.1672 21322.2
2422 357416.500    -34 58 17.42724     138 38 23.87124   165.5513   1  12  -0.1580  -0.1929  -0.0126   178.9619    -0.7680  -131.0620 21322.2
2422 357416.600    -34 58 17.42787     138 38 23.87062   165.5498   1  12  -0.1581  -0.1930  -0.0138   179.5655    -0.8989  -130.6978 21322.2
2422 357416.700    -34 58 17.42849     138 38 23.86999   165.5485   1  12  -0.1601  -0.1956  -0.0096   179.2462    -0.8461  -130.6749 21322.2
2422 357416.800    -34 58 17.42914     138 38 23.86936   165.5479   1  12  -0.1528  -0.2097  -0.0074   178.9638    -0.8737  -130.7448 21322.2
2422 357416.900    -34 58 17.42985     138 38 23.86878   165.5470   1  12  -0.1430  -0.2187  -0.0133   179.5293    -1.0210  -130.2927 21322.2
2422 357417.000    -34 58 17.43056     138 38 23.86823   165.5453   1  12  -0.1530  -0.2128  -0.0146   179.3215    -0.9704  -130.1380 21615.1
2422 357417.100    -34 58 17.43123     138 38 23.86758   165.5441   1  12  -0.1624  -0.2139  -0.0088   179.0782    -0.8848  -130.2988 21615.1
2422 357417.200    -34 58 17.43195     138 38 23.86695   165.5435   1  12  -0.1668  -0.2147  -0.0076   179.6826    -0.8669  -130.0350 21615.1
2422 357417.300    -34 58 17.43263     138 38 23.86626   165.5426   1  12  -0.1791  -0.2017  -0.0083   179.3386    -0.7622  -130.1677 21615.1
2422 357417.400    -34 58 17.43326     138 38 23.86554   165.5419   1  12  -0.1793  -0.1904  -0.0010   179.2484    -0.8054  -130.3585 21615.1
2422 357417.500    -34 58 17.43386     138 38 23.86485   165.5424   1  12  -0.1803  -0.1832   0.0091   179.7296    -0.8583  -130.3438 21615.1
2422 357417.600    -34 58 17.43445     138 38 23.86412   165.5437   1  12  -0.1879  -0.1853   0.0098   179.4819    -0.6845  -130.5819 21615.1
2422 357417.700    -34 58 17.43506     138 38 23.86337   165.5444   1  12  -0.1808  -0.2006   0.0020   179.0664    -0.6525  -130.8476 21615.1
2422 357417.800    -34 58 17.43575     138 38 23.86269   165.5441   1  12  -0.1672  -0.2071  -0.0088   179.4569    -0.6527  -130.7153 21615.1
2422 357417.900    -34 58 17.43641     138 38 23.86205   165.5426   1  12  -0.1636  -0.1955  -0.0174   179.5572    -0.5768  -130.6455 21615.1
2422 357418.000    -34 58 17.43702     138 38 23.86140   165.5406   1  12  -0.1638  -0.2100  -0.0089   179.1297    -0.4886  -130.7142 23886.2
2422 357418.100    -34 58 17.43777     138 38 23.86076   165.5408   1  12  -0.1673  -0.2225   0.0020   179.5851    -0.6508  -130.4038 23886.2
2422 357418.200    -34 58 17.43846     138 38 23.86008   165.5410   1  12  -0.1760  -0.2028   0.0043   179.4180    -0.6268  -130.4095 23886.2
2422 357418.300    -34 58 17.43909     138 38 23.85937   165.5417   1  12  -0.1744  -0.1936   0.0093   178.9238    -0.7661  -130.5454 23886.2
2422 357418.400    -34 58 17.43972     138 38 23.85871   165.5428   1  12  -0.1719  -0.1921   0.0101   179.3954    -0.7593  -130.2692 23886.2
2422 357418.500    -34 58 17.44033     138 38 23.85802   165.5437   1  12  -0.1811  -0.1917   0.0058   179.2997    -0.6970  -130.1375 23886.2
2422 357418.600    -34 58 17.44096     138 38 23.85728   165.5440   1  12  -0.1756  -0.1964   0.0010   178.7863    -0.8233  -130.3145 23886.2
2422 357418.700    -34 58 17.44161     138 38 23.85663   165.5439   1  12  -0.1641  -0.1979  -0.0005   179.2461    -0.9542  -130.0269 23886.2
2422 357418.800    -34 58 17.44224     138 38 23.85599   165.5439   1  12  -0.1673  -0.1953   0.0015   179.0575    -0.8644  -129.9391 23886.2
2422 357418.900    -34 58 17.44288     138 38 23.85531   165.5442   1  12  -0.1646  -0.1940   0.0066   178.7651    -1.0061  -129.9634 23886.2
2422 357419.000    -34 58 17.44350     138 38 23.85469   165.5452   1  13  -0.1844  -0.1965   0.0230   179.2502    -1.1306  -129.6084 17920.2
2422 357419.100    -34 58 17.44415     138 38 23.85386   165.5488   1  13  -0.2061  -0.2030   0.0345   178.9192    -0.9986  -129.9779 17920.2
2422 357419.200    -34 58 17.44482     138 38 23.85306   165.5521   1  13  -0.1886  -0.2108   0.0310   178.8238    -1.0188  -130.2214 17920.2
2422 357419.300    -34 58 17.44552     138 38 23.85237   165.5550   1  13  -0.1716  -0.2124   0.0298   179.3313    -1.1623  -129.9879 17920.2
2422 357419.400    -34 58 17.44620     138 38 23.85171   165.5581   1  13  -0.1675  -0.2119   0.0257   179.0964    -1.0485  -130.2130 17920.2
2422 357419.500    -34 58 17.44690     138 38 23.85105   165.5601   1  13  -0.1636  -0.2151   0.0152   179.1493    -1.0692  -130.3650 17920.2
2422 357419.600    -34 58 17.44760     138 38 23.85042   165.5611   1  13  -0.1592  -0.2082   0.0119   179.5759    -1.1812  -130.2610 17920.2
2422 357419.700    -34 58 17.44825     138 38 23.84980   165.5625   1  13  -0.1562  -0.2002   0.0139   179.3804    -1.0314  -130.5380 17920.2
2422 357419.800    -34 58 17.44889     138 38 23.84919   165.5639   1  13  -0.1489  -0.2051   0.0122   179.4014    -0.9646  -130.7663 17920.2
2422 357419.900    -34 58 17.44958     138 38 23.84862   165.5650   1  13  -0.1401  -0.2085   0.0151   179.7958    -0.9815  -130.7936 17920.2
2422 357420.000    -34 58 17.45025     138 38 23.84809   165.5669   1  13  -0.1741  -0.2401   0.0107   179.4705    -0.9532  -131.2231 18928.5
2422 357420.100    -34 58 17.45114     138 38 23.84725   165.5671   1  13  -0.2004  -0.2765  -0.0013   179.3295    -0.9390  -131.3014 18928.5
2422 357420.200    -34 58 17.45204     138 38 23.84651   165.5667   1  13  -0.1873  -0.2656  -0.0024   179.7018    -1.1003  -130.9565 18928.5
2422 357420.300    -34 58 17.45286     138 38 23.84577   165.5666   1  13  -0.1904  -0.2383   0.0033   179.5923    -1.2664  -130.8635 18928.5
2422 357420.400    -34 58 17.45359     138 38 23.84500   165.5673   1  13  -0.1989  -0.2174   0.0050   179.3799    -1.1059  -131.1624 18928.5
2422 357420.500    -34 58 17.45427     138 38 23.84421   165.5676   1  13  -0.2088  -0.1976   0.0043   179.6623    -1.2698  -131.1232 18928.5
2422 357420.600    -34 58 17.45487     138 38 23.84336   165.5682   1  13  -0.2154  -0.1805   0.0059   179.3320    -1.3301  -131.3336 18928.5
2422 357420.700    -34 58 17.45544     138 38 23.84251   165.5688   1  13  -0.2111  -0.1777   0.0051   179.1824    -1.2717  -131.5820 18928.5
2422 357420.800    -34 58 17.45602     138 38 23.84169   165.5692   1  13  -0.2037  -0.1772   0.0060   179.3696    -1.4199  -131.5564 18928.5
2422 357420.900    -34 58 17.45659     138 38 23.84090   165.5700   1  13  -0.1944  -0.1763   0.0050   179.0309    -1.3934  -131.8369 18928.5
2422 357421.000    -34 58 17.45717     138 38 23.84016   165.5702   1  13  -0.1861  -0.2032   0.0108   179.1074    -1.2902  -131.7388 21396.6
2422 357421.100    -34 58 17.45791     138 38 23.83943   165.5722   1  13  -0.1883  -0.2229   0.0213   179.3230    -1.5294  -131.1942 21396.6
2422 357421.200    -34 58 17.45861     138 38 23.83868   165.5745   1  13  -0.1953  -0.2124   0.0210   179.2629    -1.5185  -131.0680 21396.6
2422 357421.300    -34 58 17.45929     138 38 23.83789   165.5764   1  13  -0.2007  -0.2054   0.0168   179.3553    -1.4748  -130.9654 21396.6
2422 357421.400    -34 58 17.45995     138 38 23.83709   165.5778   1  13  -0.1977  -0.2089   0.0181   179.3074    -1.5483  -130.8540 21396.6
2422 357421.500    -34 58 17.46064     138 38 23.83633   165.5800   1  13  -0.1833  -0.2174   0.0178   179.2694    -1.5107  -130.7925 21396.6
2422 357421.600    -34 58 17.46136     138 38 23.83565   165.5814   1  13  -0.1663  -0.2145   0.0066   179.3925    -1.5814  -130.3556 21396.6
2422 357421.700    -34 58 17.46204     138 38 23.83502   165.5813   1  13  -0.1567  -0.2058  -0.0065   179.4059    -1.4871  -130.0707 21396.6
2422 357421.800    -34 58 17.46269     138 38 23.83441   165.5801   1  13  -0.1541  -0.2010  -0.0169   179.5078    -1.3928  -129.9404 21396.6
2422 357421.900    -34 58 17.46334     138 38 23.83381   165.5779   1  13  -0.1503  -0.1960  -0.0228   179.4668    -1.4286  -129.5862 21396.6
2422 357422.000    -34 58 17.46397     138 38 23.83323   165.5755   1  13  -0.1745  -0.2168  -0.0006   179.5747    -1.3883  -129.3792 21400.2
2422 357422.100    -34 58 17.46475     138 38 23.83243   165.5778   1  13  -0.1987  -0.2298   0.0227   179.7425    -1.3442  -129.3864 21400.2
2422 357422.200    -34 58 17.46546     138 38 23.83166   165.5801   1  13  -0.1860  -0.2134   0.0238   179.5216    -1.4503  -129.6489 21400.2
2422 357422.300    -34 58 17.46613     138 38 23.83097   165.5826   1  13  -0.1673  -0.2101   0.0226   179.5172    -1.4625  -129.7628 21400.2
2422 357422.400    -34 58 17.46682     138 38 23.83034   165.5846   1  13  -0.1579  -0.2118   0.0140   179.7736    -1.3839  -129.6909 21400.2
2422 357422.500    -34 58 17.46751     138 38 23.82972   165.5854   1  13  -0.1581  -0.2132   0.0012   179.6974    -1.4471  -129.6758 21400.2
2422 357422.600    -34 58 17.46820     138 38 23.82910   165.5848   1  13  -0.1576  -0.2184  -0.0085   179.7097    -1.4337  -129.7339 21400.2
2422 357422.700    -34 58 17.46892     138 38 23.82848   165.5837   1  13  -0.1610  -0.2181  -0.0061   179.9590    -1.3824  -129.7516 21400.2
2422 357422.800    -34 58 17.46962     138 38 23.82783   165.5836   1  13  -0.1733  -0.2105   0.0036   179.9958    -1.4356  -129.6834 21400.2
2422 357422.900    -34 58 17.47029     138 38 23.82711   165.5844   1  13  -0.1840  -0.2105   0.0004   179.9737    -1.4433  -129.8646 21400.2
2422 357423.000    -34 58 17.47099     138 38 23.82638   165.5837   1  13  -0.1966  -0.2195   0.0046   179.8736    -1.3737  -130.1920 22866.8
2422 357423.100    -34 58 17.47172     138 38 23.82556   165.5853   1  13  -0.2005  -0.2227   0.0243   179.8113    -1.6155  -130.2818 22866.8
2422 357423.200    -34 58 17.47243     138 38 23.82480   165.5885   1  13  -0.1879  -0.2299   0.0327   179.6146    -1.4970  -130.3659 22866.8
2422 357423.300    -34 58 17.47321     138 38 23.82408   165.5919   1  13  -0.1768  -0.2361   0.0267   179.8499    -1.5855  -130.2523 22866.8
2422 357423.400    -34 58 17.47396     138 38 23.82340   165.5939   1  13  -0.1728  -0.2244   0.0215  -179.9772    -1.7804  -129.9288 22866.8
2422 357423.500    -34 58 17.47466     138 38 23.82272   165.5962   1  13  -0.1764  -0.2130   0.0184   179.6824    -1.6382  -130.1505 22866.8
2422 357423.600    -34 58 17.47535     138 38 23.82201   165.5976   1  13  -0.1903  -0.2029   0.0107   179.9724    -1.5324  -130.1760 22866.8
2422 357423.700    -34 58 17.47598     138 38 23.82122   165.5983   1  13  -0.2049  -0.1922   0.0130   179.7365    -1.6810  -130.1622 22866.8
2422 357423.800    -34 58 17.47659     138 38 23.82040   165.6002   1  13  -0.2009  -0.1960   0.0166   179.4328    -1.6724  -130.4350 22866.8
2422 357423.900    -34 58 17.47725     138 38 23.81963   165.6016   1  13  -0.1887  -0.2055   0.0084   179.5993    -1.7054  -130.5918 22866.8
2422 357424.000    -34 58 17.47793     138 38 23.81891   165.6019   1  13  -0.1881  -0.2118  -0.0085   179.5937    -1.8492  -130.4550 23573.2
2422 357424.100    -34 58 17.47863     138 38 23.81815   165.5999   1  13  -0.1909  -0.2179  -0.0227   179.4269    -1.8051  -130.6871 23573.2
2422 357424.200    -34 58 17.47934     138 38 23.81740   165.5973   1  13  -0.1913  -0.2115  -0.0285   179.7173    -2.0091  -130.8521 23573.2
2422 357424.300    -34 58 17.48000     138 38 23.81664   165.5942   1  13  -0.1930  -0.1948  -0.0247   179.9604    -2.2395  -131.0127 23573.2
2422 357424.400    -34 58 17.48060     138 38 23.81588   165.5924   1  13  -0.1857  -0.1934  -0.0158   179.6798    -2.2035  -131.5881 23573.2
2422 357424.500    -34 58 17.48125     138 38 23.81518   165.5911   1  13  -0.1659  -0.2054  -0.0134   179.6181    -2.4505  -131.9989 23573.2
2422 357424.600    -34 58 17.48194     138 38 23.81457   165.5897   1  13  -0.1523  -0.2068  -0.0102  -179.9793    -2.6452  -132.0169 23573.2
2422 357424.700    -34 58 17.48260     138 38 23.81398   165.5890   1  13  -0.1512  -0.2053  -0.0115   179.8526    -2.7088  -132.3419 23573.2
2422 357424.800    -34 58 17.48327     138 38 23.81338   165.5874   1  13  -0.1445  -0.2077  -0.0229   179.8635    -2.8890  -132.6274 23573.2
2422 357424.900    -34 58 17.48394     138 38 23.81284   165.5844   1  13  -0.1386  -0.2013  -0.0289  -179.6742    -3.0659  -132.7353 23573.2
2422 357425.000    -34 58 17.48458     138 38 23.81229   165.5816   1  13  -0.1616  -0.1759   0.0006  -179.9375    -2.9602  -133.2097 19891.7
2422 357425.100    -34 58 17.48509     138 38 23.81157   165.5845   1  13  -0.1672  -0.1457   0.0297   179.7902    -2.9233  -133.4170 19891.7
2422 357425.200    -34 58 17.48552     138 38 23.81097   165.5876   1  13  -0.1358  -0.1173   0.0338  -179.8630    -2.7971  -133.2883 19891.7
2422 357425.300    -34 58 17.48585     138 38 23.81050   165.5913   1  13  -0.1039  -0.0881   0.0342   179.7935    -2.5518  -133.4795 19891.7
2422 357425.400    -34 58 17.48609     138 38 23.81015   165.5944   1  13  -0.0735  -0.0605   0.0312   179.7391    -2.4789  -133.4262 19891.7
2422 357425.500    -34 58 17.48624     138 38 23.80992   165.5975   1  13  -0.0731  -0.0463   0.0471  -179.9422    -2.2133  -133.2442 19891.7
2422 357425.600    -34 58 17.48639     138 38 23.80958   165.6038   1  13  -0.1188  -0.0819   0.0533   179.4833    -1.6887  -133.6404 19891.7
2422 357425.700    -34 58 17.48677     138 38 23.80898   165.6082   1  13  -0.1626  -0.1429   0.0039   179.5188    -0.7090  -133.9071 19891.7
2422 357425.800    -34 58 17.48732     138 38 23.80829   165.6046   1  13  -0.1646  -0.1676  -0.0539   179.2470    -0.8050  -133.7285 19891.7
2422 357425.900    -34 58 17.48786     138 38 23.80768   165.5974   1  13  -0.1587  -0.1547  -0.0591   179.5537    -1.1532  -133.0799 19891.7
2422 357426.000    -34 58 17.48833     138 38 23.80704   165.5928   1  12  -0.1048  -0.0900  -0.0205   179.5635    -0.4919  -133.2048 24868.6
2422 357426.100    -34 58 17.48844     138 38 23.80686   165.5933   1  12  -0.0583  -0.0362   0.0045   179.7596    -0.4909  -133.3060 24868.6
2422 357426.200    -34 58 17.48856     138 38 23.80658   165.5937   1  12  -0.0694  -0.0282   0.0079   179.6639    -0.8515  -133.1861 24868.6
2422 357426.300    -34 58 17.48863     138 38 23.80631   165.5949   1  12  -0.0621  -0.0132   0.0129   179.7668    -0.8670  -133.3824 24868.6
2422 357426.400    -34 58 17.48865     138 38 23.80609   165.5962   1  12  -0.0331  -0.0013   0.0149   179.7381    -1.0094  -133.6355 24868.6
2422 357426.500    -34 58 17.48864     138 38 23.80605   165.5979   1  12   0.0140   0.0010   0.0162   179.5103    -1.1873  -133.7815 24868.6
2422 357426.600    -34 58 17.48864     138 38 23.80620   165.5995   1  12   0.0572  -0.0015   0.0050   179.6789    -1.0144  -133.6148 24868.6
2422 357426.700    -34 58 17.48864     138 38 23.80650   165.5989   1  12   0.0825   0.0063  -0.0139   179.7275    -1.0390  -133.3047 24868.6
2422 357426.800    -34 58 17.48860     138 38 23.80685   165.5967   1  12   0.0874   0.0204  -0.0241  -179.9768    -0.9083  -133.0031 24868.6
2422 357426.900    -34 58 17.48851     138 38 23.80719   165.5940   1  12   0.0796   0.0306  -0.0278  -179.9612    -0.8121  -133.1003 24868.6
2422 357427.000    -34 58 17.48840     138 38 23.80748   165.5911   1  12   0.0249   0.0145  -0.0087  -179.9931    -0.8404  -133.2058 24767.6
2422 357427.100    -34 58 17.48842     138 38 23.80738   165.5923   1  12  -0.0202  -0.0068   0.0115   179.8844    -0.8621  -133.4226 24767.6
2422 357427.200    -34 58 17.48845     138 38 23.80732   165.5934   1  12  -0.0085  -0.0137   0.0104   179.7662    -0.9483  -133.4421 24767.6
2422 357427.300    -34 58 17.48851     138 38 23.80732   165.5944   1  12   0.0022  -0.0205   0.0076   179.7958    -0.9391  -133.3373 24767.6
2422 357427.400    -34 58 17.48858     138 38 23.80734   165.5950   1  12   0.0085  -0.0165   0.0027   179.7750    -0.9075  -133.1876 24767.6
2422 357427.500    -34 58 17.48861     138 38 23.80738   165.5949   1  12   0.0112  -0.0026  -0.0026   179.7776    -0.9279  -133.0623 24767.6
2422 357427.600    -34 58 17.48860     138 38 23.80743   165.5944   1  12   0.0068   0.0110  -0.0057   179.7358    -0.9069  -133.0908 24767.6
2422 357427.700    -34 58 17.48854     138 38 23.80744   165.5938   1  12   0.0027   0.0167  -0.0060   179.6330    -0.9586  -133.1740 24767.6
2422 357427.800    -34 58 17.48849     138 38 23.80745   165.5933   1  12   0.0063   0.0154  -0.0059   179.5959    -0.9745  -133.2529 24767.6
2422 357427.900    -34 58 17.48844     138 38 23.80749   165.5926   1  12   0.0146   0.0114  -0.0095   179.5348    -0.9371  -133.2849 24767.6
2422 357428.000    -34 58 17.48841     138 38 23.80756   165.5914   1  12   0.0708   0.0789   0.0011   179.4943    -0.9593  -133.2058 23990.8
2422 357428.100    -34 58 17.48793     138 38 23.80804   165.5928   1  12   0.1247   0.1507   0.0136   179.6458    -0.8505  -133.1048 23990.8
2422 357428.200    -34 58 17.48744     138 38 23.80855   165.5941   1  12   0.1359   0.1608   0.0157   179.7759    -0.7662  -133.0486 23990.8
2422 357428.300    -34 58 17.48689     138 38 23.80912   165.5960   1  12   0.1515   0.1626   0.0282   179.8162    -0.9829  -133.0999 23990.8
2422 357428.400    -34 58 17.48638     138 38 23.80974   165.5997   1  12   0.1458   0.1236   0.0224   179.8998    -0.2983  -133.3657 23990.8
2422 357428.500    -34 58 17.48609     138 38 23.81027   165.6005   1  12   0.1069   0.0478  -0.0054   179.9794     0.1950  -133.4347 23990.8
2422 357428.600    -34 58 17.48607     138 38 23.81058   165.5986   1  12   0.0395  -0.0320  -0.0249  -179.9200    -0.0595  -133.0801 23990.8
2422 357428.700    -34 58 17.48629     138 38 23.81058   165.5955   1  12  -0.0139  -0.0546  -0.0785  -179.2923     0.9602  -132.5646 23990.8
2422 357428.800    -34 58 17.48642     138 38 23.81047   165.5830   1  12   0.0008   0.0107  -0.1234  -178.9438     0.5068  -132.3381 23990.8
2422 357428.900    -34 58 17.48622     138 38 23.81058   165.5708   1  12   0.0663   0.0924  -0.0493  -179.1503    -1.1040  -132.5348 23990.8
2422 357429.000    -34 58 17.48582     138 38 23.81100   165.5731   1  12   0.0347   0.0549   0.0551  -179.4557    -1.1234  -133.2058 24605.5
2422 357429.100    -34 58 17.48587     138 38 23.81086   165.5818   1  12  -0.0247  -0.0213   0.0832  -179.6692    -0.3968  -133.8224 24605.5
2422 357429.200    -34 58 17.48596     138 38 23.81080   165.5897   1  12   0.0024  -0.0350   0.0684  -179.8755    -0.8828  -133.8206 24605.5
2422 357429.300    -34 58 17.48609     138 38 23.81088   165.5955   1  12   0.0323  -0.0377   0.0511  -179.8758    -1.2345  -133.3349 24605.5
2422 357429.400    -34 58 17.48621     138 38 23.81106   165.6000   1  12   0.0436  -0.0251   0.0353  -179.8068    -1.2979  -133.1099 24605.5
2422 357429.500    -34 58 17.48626     138 38 23.81122   165.6026   1  12   0.0215  -0.0076   0.0129  -179.7072    -1.1842  -132.9112 24605.5
2422 357429.600    -34 58 17.48626     138 38 23.81123   165.6025   1  12  -0.0224   0.0077  -0.0064  -179.6803    -0.7615  -132.8160 24605.5
2422 357429.700    -34 58 17.48621     138 38 23.81104   165.6013   1  12  -0.0618   0.0175  -0.0165  -179.8198    -0.9574  -132.9801 24605.5
2422 357429.800    -34 58 17.48614     138 38 23.81074   165.5992   1  12  -0.0827   0.0061  -0.0224   179.8696    -0.8165  -133.3863 24605.5
2422 357429.900    -34 58 17.48617     138 38 23.81039   165.5968   1  12  -0.0880  -0.0278  -0.0236   179.6268    -0.7473  -133.4561 24605.5
2422 357430.000    -34 58 17.48632     138 38 23.81004   165.5945   1  12  -0.0461  -0.0464  -0.0054   179.5038    -0.8948  -133.2051 26882.5
2422 357430.100    -34 58 17.48647     138 38 23.81003   165.5957   1  12  -0.0067  -0.0306   0.0102   179.9087    -1.3183  -132.6858 26882.5
2422 357430.200    -34 58 17.48652     138 38 23.80999   165.5966   1  12  -0.0187  -0.0000   0.0035  -179.6863    -1.4454  -132.5930 26882.5
2422 357430.300    -34 58 17.48647     138 38 23.80988   165.5964   1  12  -0.0299   0.0208  -0.0028  -179.8116    -1.5812  -132.9326 26882.5
2422 357430.400    -34 58 17.48639     138 38 23.80976   165.5960   1  12  -0.0221   0.0163  -0.0028  -179.9918    -1.7140  -133.2289 26882.5
2422 357430.500    -34 58 17.48636     138 38 23.80971   165.5959   1  12   0.0003  -0.0071  -0.0046   179.8277    -1.7830  -133.4499 26882.5
2422 357430.600    -34 58 17.48643     138 38 23.80976   165.5951   1  12   0.0185  -0.0295  -0.0119   179.9306    -1.9112  -133.3135 26882.5
2422 357430.700    -34 58 17.48655     138 38 23.80985   165.5935   1  12   0.0202  -0.0324  -0.0193  -179.9250    -2.1477  -132.9691 26882.5
2422 357430.800    -34 58 17.48664     138 38 23.80992   165.5912   1  12   0.0142  -0.0131  -0.0210  -179.5825    -2.4781  -132.7814 26882.5
2422 357430.900    -34 58 17.48664     138 38 23.80996   165.5893   1  12   0.0150   0.0095  -0.0205  -179.7056    -2.7719  -132.9196 26882.5
2422 357431.000    -34 58 17.48658     138 38 23.81004   165.5871   1  12   0.0388   0.0526   0.0057  -179.7673    -2.7083  -133.2765 22929.2
2422 357431.100    -34 58 17.48630     138 38 23.81027   165.5904   1  12   0.0771   0.0751   0.0308  -179.5368    -2.6196  -151.1167 22929.2
2422 357431.200    -34 58 17.48609     138 38 23.81064   165.5933   1  12   0.0987   0.0510   0.0283  -178.9601    -2.3347  -168.5357 22929.2
2422 357431.300    -34 58 17.48597     138 38 23.81105   165.5961   1  12   0.0950   0.0361   0.0241  -178.5748    -1.7799   173.9410 22929.2
2422 357431.400    -34 58 17.48586     138 38 23.81139   165.5981   1  12   0.0789   0.0363   0.0203  -178.2723    -1.2658   156.3757 22929.2
2422 357431.500    -34 58 17.48573     138 38 23.81167   165.6001   1  12   0.0654   0.0521   0.0219  -178.3094    -0.6977   138.6525 22929.2
2422 357431.600    -34 58 17.48552     138 38 23.81191   165.6025   1  12   0.0435   0.0666   0.0349  -178.4013    -0.1719   120.9667 22929.2
2422 357431.700    -34 58 17.48530     138 38 23.81201   165.6071   1  12  -0.0000   0.0586   0.0502  -178.9027     0.1729   103.2207 22929.2
2422 357431.800    -34 58 17.48514     138 38 23.81191   165.6125   1  12  -0.0457   0.0499   0.0479  -179.5692     0.1852    85.3821 22929.2
2422 357431.900    -34 58 17.48497     138 38 23.81165   165.6167   1  12  -0.1043   0.0507   0.0278  -179.9932     0.3701    68.0878 22929.2
2422 357432.000    -34 58 17.48481     138 38 23.81109   165.6181   1  12   0.0662   0.1544  -0.0464   179.1875    -0.2820    50.8286 20904.6
2422 357432.100    -34 58 17.48397     138 38 23.81217   165.6074   1  12   0.2969   0.2605  -0.1234   179.4902    -0.0948    50.6270 20904.6
2422 357432.200    -34 58 17.48312     138 38 23.81343   165.5934   1  12   0.3216   0.2588  -0.1224   179.2474    -0.4507    50.1728 20904.6
2422 357432.300    -34 58 17.48229     138 38 23.81471   165.5829   1  12   0.3123   0.2534  -0.0803   179.0523    -0.2483    49.6226 20904.6
2422 357432.400    -34 58 17.48148     138 38 23.81589   165.5774   1  12   0.2795   0.2554  -0.0369   179.1450    -0.2610    49.1223 20904.6
2422 357432.500    -34 58 17.48064     138 38 23.81691   165.5755   1  12   0.2411   0.2750  -0.0057   178.8578    -0.2924    48.6786 20904.6
2422 357432.600    -34 58 17.47969     138 38 23.81779   165.5762   1  12   0.2048   0.2951   0.0024   179.0222    -0.4400    48.4875 20904.6
2422 357432.700    -34 58 17.47872     138 38 23.81853   165.5760   1  12   0.1744   0.2922  -0.0071   179.1812    -0.6988    48.5440 20904.6
2422 357432.800    -34 58 17.47780     138 38 23.81917   165.5748   1  12   0.1583   0.2746  -0.0159   179.4430    -0.8817    48.5590 20904.6
2422 357432.900    -34 58 17.47694     138 38 23.81978   165.5728   1  12   0.1571   0.2559  -0.0229   179.5082    -0.7154    48.1086 20904.6
2422 357433.000    -34 58 17.47614     138 38 23.82040   165.5702   1  13   0.2263   0.2554  -0.0126   179.4570    -0.6981    47.6980 15515.5
2422 357433.100    -34 58 17.47528     138 38 23.82156   165.5703   1  13   0.2872   0.2658   0.0002   179.2445    -0.5723    47.5279 15515.5
2422 357433.200    -34 58 17.47441     138 38 23.82267   165.5702   1  13   0.2688   0.2710  -0.0052   179.3030    -0.4497    47.5994 15515.5
2422 357433.300    -34 58 17.47352     138 38 23.82368   165.5693   1  13   0.2441   0.2748  -0.0073   179.2343    -0.3726    47.6628 15515.5
2422 357433.400    -34 58 17.47263     138 38 23.82459   165.5688   1  13   0.2255   0.2734  -0.0040   179.2340    -0.2917    47.7247 15515.5
2422 357433.500    -34 58 17.47175     138 38 23.82546   165.5685   1  13   0.2176   0.2588  -0.0052   179.4843    -0.2747    48.0209 15515.5
2422 357433.600    -34 58 17.47095     138 38 23.82631   165.5678   1  13   0.2169   0.2343  -0.0072   179.5281    -0.1211    48.0206 15515.5
2422 357433.700    -34 58 17.47023     138 38 23.82717   165.5670   1  13   0.2182   0.2203  -0.0101   179.4783    -0.1252    48.1401 15515.5
2422 357433.800    -34 58 17.46952     138 38 23.82803   165.5657   1  13   0.2216   0.2301  -0.0142   179.2316     0.2757    47.8747 15515.5
2422 357433.900    -34 58 17.46873     138 38 23.82891   165.5642   1  13   0.2239   0.2471  -0.0208   179.4248     0.1651    47.8984 15515.5
2422 357434.000    -34 58 17.46791     138 38 23.82979   165.5616   1  13   0.2400   0.2801  -0.0094   179.3459     0.2861    47.9703 22658.4
2422 357434.100    -34 58 17.46692     138 38 23.83081   165.5623   1  13   0.2413   0.2985   0.0049   179.0642     0.0323    48.7476 22658.4
2422 357434.200    -34 58 17.46598     138 38 23.83170   165.5626   1  13   0.2130   0.2788   0.0076   178.9657    -0.1418    49.9339 22658.4
2422 357434.300    -34 58 17.46511     138 38 23.83249   165.5638   1  13   0.2052   0.2611   0.0169   178.8161     0.0778    50.9394 22658.4
2422 357434.400    -34 58 17.46428     138 38 23.83331   165.5659   1  13   0.2217   0.2477   0.0236   178.6748     0.1568    51.9325 22658.4
2422 357434.500    -34 58 17.46350     138 38 23.83423   165.5685   1  13   0.2360   0.2360   0.0211   178.1906     0.1329    52.6658 22658.4
2422 357434.600    -34 58 17.46275     138 38 23.83518   165.5702   1  13   0.2337   0.2323   0.0032   177.9761     0.2120    53.4967 22658.4
2422 357434.700    -34 58 17.46199     138 38 23.83608   165.5692   1  13   0.2211   0.2408  -0.0164   177.4084     0.2713    54.3654 22658.4
2422 357434.800    -34 58 17.46119     138 38 23.83692   165.5669   1  13   0.2137   0.2547  -0.0254   177.4226     0.4898    55.2549 22658.4
2422 357434.900    -34 58 17.46034     138 38 23.83776   165.5641   1  13   0.2161   0.2689  -0.0270   177.1420     0.5655    56.2375 22658.4
2422 357435.000    -34 58 17.45944     138 38 23.83862   165.5615   1  13   0.2807   0.2077  -0.0221   176.9306     0.7347    57.1370 19012.7
2422 357435.100    -34 58 17.45899     138 38 23.83997   165.5597   1  13   0.3343   0.1427  -0.0200   177.0435     0.7145    56.6540 19012.7
2422 357435.200    -34 58 17.45852     138 38 23.84126   165.5575   1  13   0.3168   0.1516  -0.0251   176.8001     0.7491    55.8982 19012.7
2422 357435.300    -34 58 17.45801     138 38 23.84247   165.5547   1  13   0.2849   0.1791  -0.0146   176.6763     0.9149    55.0965 19012.7
2422 357435.400    -34 58 17.45735     138 38 23.84350   165.5546   1  13   0.2272   0.2614   0.0201   175.9412     1.1723    54.1307 19012.7
2422 357435.500    -34 58 17.45631     138 38 23.84426   165.5587   1  13   0.1636   0.4281   0.0333   174.8536     1.4575    53.2137 19012.7
2422 357435.600    -34 58 17.45458     138 38 23.84479   165.5612   1  13   0.0807   0.6037  -0.0237   174.1270     1.7779    53.4550 19012.7
2422 357435.700    -34 58 17.45239     138 38 23.84490   165.5539   1  13  -0.0046   0.6537  -0.1034   173.9934     2.2701    54.8397 19012.7
2422 357435.800    -34 58 17.45033     138 38 23.84476   165.5405   1  13   0.0125   0.5719  -0.0812   175.8376    -0.2038    57.2466 19012.7
2422 357435.900    -34 58 17.44868     138 38 23.84500   165.5377   1  13   0.0979   0.3715   0.0632   179.8979    -1.2952    58.5992 19012.7
2422 357436.000    -34 58 17.44792     138 38 23.84553   165.5532   1  13   0.3876   0.1081   0.1105  -179.3108    -0.0798    56.7062 19181.1
2422 357436.100    -34 58 17.44798     138 38 23.84805   165.5598   1  13   0.6179  -0.0160   0.0684   177.8333     0.3357    53.1620 19181.1
2422 357436.200    -34 58 17.44803     138 38 23.85040   165.5668   1  13   0.4932   0.0559   0.0704   176.2346    -0.3382    50.5518 19181.1
2422 357436.300    -34 58 17.44762     138 38 23.85194   165.5739   1  13   0.2924   0.2171   0.0492   175.4950    -0.3322    50.2181 19181.1
2422 357436.400    -34 58 17.44662     138 38 23.85271   165.5767   1  13   0.1442   0.3763  -0.0361   175.7485     0.2393    51.4006 19181.1
2422 357436.500    -34 58 17.44517     138 38 23.85308   165.5667   1  13   0.0758   0.4555  -0.0970   178.2241     0.0517    53.2353 19181.1
2422 357436.600    -34 58 17.44366     138 38 23.85331   165.5573   1  13   0.0717   0.4267  -0.0959   179.4853     0.0220    54.3098 19181.1
2422 357436.700    -34 58 17.44241     138 38 23.85364   165.5475   1  13   0.0998   0.3455  -0.0403  -179.3771     0.0986    54.3542 19181.1
2422 357436.800    -34 58 17.44142     138 38 23.85409   165.5492   1  13   0.1113   0.2952   0.0092   179.7723     0.1327    53.4889 19181.1
2422 357436.900    -34 58 17.44049     138 38 23.85452   165.5493   1  13   0.0681   0.3049   0.0050   179.4993     0.1353    52.8295 19181.1
2422 357437.000    -34 58 17.43944     138 38 23.85463   165.5502   1  13   0.0808   0.3079   0.0172   179.1515     0.2431    52.3254 21758.1
2422 357437.100    -34 58 17.43849     138 38 23.85516   165.5528   1  13   0.1201   0.3092   0.0199   178.8828     0.4066    52.6228 21758.1
2422 357437.200    -34 58 17.43743     138 38 23.85558   165.5542   1  13   0.1128   0.3314   0.0089   179.2344     0.4462    53.3627 21758.1
2422 357437.300    -34 58 17.43634     138 38 23.85605   165.5546   1  13   0.1444   0.3278   0.0042   179.7075     0.2266    54.0168 21758.1
2422 357437.400    -34 58 17.43531     138 38 23.85671   165.5550   1  13   0.1917   0.2992   0.0019  -179.8540     0.1713    54.2484 21758.1
2422 357437.500    -34 58 17.43440     138 38 23.85756   165.5549   1  13   0.2262   0.2641  -0.0058   179.5339     0.1353    53.9788 21758.1
2422 357437.600    -34 58 17.43359     138 38 23.85850   165.5539   1  13   0.2345   0.2450  -0.0089   179.4354     0.1760    53.8433 21758.1
2422 357437.700    -34 58 17.43281     138 38 23.85941   165.5532   1  13   0.2207   0.2389  -0.0092   178.6548     0.0654    53.7259 21758.1
2422 357437.800    -34 58 17.43204     138 38 23.86024   165.5520   1  13   0.1983   0.2327  -0.0134   178.8543     0.0066    54.0597 21758.1
2422 357437.900    -34 58 17.43130     138 38 23.86097   165.5505   1  13   0.1885   0.2234  -0.0175   178.4440    -0.0967    54.2178 21758.1
2422 357438.000    -34 58 17.43059     138 38 23.86172   165.5485   1  13   0.2020   0.2465   0.0027   178.7641    -0.1565    54.5684 22216.6
2422 357438.100    -34 58 17.42970     138 38 23.86256   165.5510   1  13   0.2215   0.2643   0.0163   178.9603    -0.0627    54.4961 22216.6
2422 357438.200    -34 58 17.42888     138 38 23.86347   165.5518   1  13   0.2336   0.2493   0.0046   178.9533    -0.0655    54.4128 22216.6
2422 357438.300    -34 58 17.42808     138 38 23.86440   165.5520   1  13   0.2293   0.2448  -0.0009   178.9140    -0.0491    54.0810 22216.6
2422 357438.400    -34 58 17.42729     138 38 23.86528   165.5516   1  13   0.2132   0.2517   0.0018   178.5837     0.0456    53.7320 22216.6
2422 357438.500    -34 58 17.42645     138 38 23.86608   165.5523   1  13   0.1995   0.2689   0.0085   178.8674     0.0635    53.7449 22216.6
2422 357438.600    -34 58 17.42554     138 38 23.86685   165.5533   1  13   0.1855   0.2769   0.0040   178.8243    -0.0451    53.6350 22216.6
2422 357438.700    -34 58 17.42465     138 38 23.86755   165.5531   1  13   0.1689   0.2629  -0.0102   178.9701    -0.2009    53.7153 22216.6
2422 357438.800    -34 58 17.42384     138 38 23.86818   165.5513   1  13   0.1624   0.2447  -0.0236   179.0513    -0.0749    53.5218 22216.6
2422 357438.900    -34 58 17.42306     138 38 23.86883   165.5484   1  13   0.1680   0.2479  -0.0300   178.8860     0.2269    53.2234 22216.6
2422 357439.000    -34 58 17.42223     138 38 23.86951   165.5453   1  13   0.1992   0.2712  -0.0161   179.0601     0.2397    53.0052 20912.0
2422 357439.100    -34 58 17.42130     138 38 23.87040   165.5452   1  13   0.2233   0.2934  -0.0004   178.8761     0.0630    53.1181 20912.0
2422 357439.200    -34 58 17.42032     138 38 23.87127   165.5452   1  13   0.2078   0.2977  -0.0061   178.9306    -0.2595    53.2547 20912.0
2422 357439.300    -34 58 17.41937     138 38 23.87204   165.5440   1  13   0.1825   0.2763  -0.0226   179.0092    -0.3537    53.4640 20912.0
2422 357439.400    -34 58 17.41853     138 38 23.87271   165.5407   1  13   0.1647   0.2446  -0.0382   179.0525    -0.2347    53.6944 20912.0
2422 357439.500    -34 58 17.41778     138 38 23.87334   165.5363   1  13   0.1707   0.2362  -0.0360   179.0868     0.0692    53.9000 20912.0
2422 357439.600    -34 58 17.41700     138 38 23.87405   165.5335   1  13   0.1961   0.2537  -0.0182   178.9250     0.3318    54.0400 20912.0
2422 357439.700    -34 58 17.41614     138 38 23.87488   165.5327   1  13   0.2160   0.2698  -0.0010   179.0762    -0.0160    54.0632 20912.0
2422 357439.800    -34 58 17.41525     138 38 23.87576   165.5333   1  13   0.2168   0.2691  -0.0026   178.9487    -0.2237    54.1415 20912.0
2422 357439.900    -34 58 17.41439     138 38 23.87659   165.5322   1  13   0.1919   0.2516  -0.0287   178.9653    -0.4157    54.0855 20912.0
2422 357440.000    -34 58 17.41362     138 38 23.87727   165.5275   1  13   0.1782   0.2487  -0.0046   178.9321    -0.3804    54.2917 23228.5
2422 357440.100    -34 58 17.41278     138 38 23.87800   165.5312   1  13   0.1770   0.2562   0.0286   178.9065    -0.0098    54.3840 23228.5
2422 357440.200    -34 58 17.41195     138 38 23.87866   165.5332   1  13   0.1809   0.2715   0.0253   179.0075     0.2078    54.5673 23228.5
2422 357440.300    -34 58 17.41101     138 38 23.87942   165.5363   1  13   0.2075   0.3058   0.0360   178.9965     0.4766    54.6914 23228.5
2422 357440.400    -34 58 17.40997     138 38 23.88030   165.5404   1  13   0.2239   0.3164   0.0401   179.1675    -0.1135    54.7860 23228.5
2422 357440.500    -34 58 17.40896     138 38 23.88119   165.5443   1  13   0.2089   0.2835   0.0242   178.9784    -0.4306    54.8587 23228.5
2422 357440.600    -34 58 17.40813     138 38 23.88195   165.5453   1  13   0.1741   0.2358  -0.0047   179.0769    -0.3170    54.8308 23228.5
2422 357440.700    -34 58 17.40743     138 38 23.88256   165.5434   1  13   0.1560   0.2238  -0.0248   179.0449     0.1485    54.8391 23228.5
2422 357440.800    -34 58 17.40668     138 38 23.88318   165.5403   1  13   0.1680   0.2502  -0.0312   179.1593     0.6316    54.8762 23228.5
2422 357440.900    -34 58 17.40581     138 38 23.88388   165.5371   1  13   0.1909   0.2789  -0.0285   179.1921     0.4118    54.9972 23228.5
2422 357441.000    -34 58 17.40487     138 38 23.88468   165.5346   1  13   0.1979   0.2880  -0.0037   179.1436     0.2567    55.0485 23892.2
2422 357441.100    -34 58 17.40394     138 38 23.88544   165.5364   1  13   0.1792   0.2666   0.0075   179.0084    -0.0322    53.8517 23892.2
2422 357441.200    -34 58 17.40314     138 38 23.88609   165.5361   1  13   0.1571   0.2427  -0.0053   178.7440     0.1635    52.7815 23892.2
2422 357441.300    -34 58 17.40236     138 38 23.88668   165.5353   1  13   0.1594   0.2520  -0.0093   178.6056     0.7979    51.5848 23892.2
2422 357441.400    -34 58 17.40150     138 38 23.88735   165.5343   1  13   0.1866   0.2785  -0.0026   178.4380     0.9470    50.5569 23892.2
2422 357441.500    -34 58 17.40055     138 38 23.88815   165.5348   1  13   0.2128   0.2970   0.0150   178.3263     0.8217    49.4967 23892.2
2422 357441.600    -34 58 17.39957     138 38 23.88903   165.5373   1  13   0.2236   0.3005   0.0234   178.1744     0.5432    48.2982 23892.2
2422 357441.700    -34 58 17.39860     138 38 23.88992   165.5395   1  13   0.2156   0.2838   0.0092   177.9166     0.3742    47.1928 23892.2
2422 357441.800    -34 58 17.39773     138 38 23.89073   165.5391   1  13   0.1924   0.2562  -0.0129   177.5879     0.4363    45.9636 23892.2
2422 357441.900    -34 58 17.39694     138 38 23.89143   165.5369   1  13   0.1801   0.2502  -0.0237   177.3580     0.7099    44.8809 23892.2
2422 357442.000    -34 58 17.39611     138 38 23.89215   165.5344   1  13   0.2438   0.2017   0.0105   177.3147     1.1237    43.8125 19299.3
2422 357442.100    -34 58 17.39563     138 38 23.89335   165.5390   1  13   0.3119   0.1622   0.0493   177.6462     1.0047    44.3892 19299.3
2422 357442.200    -34 58 17.39505     138 38 23.89461   165.5442   1  13   0.3104   0.1852   0.0491   178.1250     0.7451    45.0134 19299.3
2422 357442.300    -34 58 17.39443     138 38 23.89580   165.5488   1  13   0.2860   0.1990   0.0377   178.3728     0.5709    45.4057 19299.3
2422 357442.400    -34 58 17.39376     138 38 23.89686   165.5518   1  13   0.2544   0.2245   0.0263   178.6034     0.6339    46.0250 19299.3
2422 357442.500    -34 58 17.39297     138 38 23.89781   165.5541   1  13   0.2355   0.2658   0.0219   178.9140     0.9610    46.4771 19299.3
2422 357442.600    -34 58 17.39204     138 38 23.89872   165.5561   1  13   0.2585   0.3025   0.0183   179.4999     0.7799    47.2146 19299.3
2422 357442.700    -34 58 17.39101     138 38 23.89985   165.5577   1  13   0.3135   0.2715  -0.0328  -179.3565     1.4424    47.9927 19299.3
2422 357442.800    -34 58 17.39028     138 38 23.90119   165.5496   1  13   0.2929   0.1188  -0.0574  -176.9771     0.1660    48.3580 19299.3
2422 357442.900    -34 58 17.39024     138 38 23.90216   165.5463   1  13   0.2117  -0.0289   0.0752  -177.0041    -2.7836    47.8527 19299.3
2422 357443.000    -34 58 17.39046     138 38 23.90286   165.5646   1  13   0.2156   0.0131   0.1394  -178.1420    -0.3348    46.1545 20112.3
2422 357443.100    -34 58 17.39015     138 38 23.90386   165.5741   1  13   0.1949   0.2373   0.0328   178.8308     2.5295    43.8396 20112.3
2422 357443.200    -34 58 17.38892     138 38 23.90440   165.5712   1  13   0.0763   0.4408  -0.0645   176.0554     1.3611    43.6173 20112.3
2422 357443.300    -34 58 17.38729     138 38 23.90446   165.5612   1  13   0.0020   0.5266  -0.0903   177.8924     0.4640    48.3663 20112.3
2422 357443.400    -34 58 17.38551     138 38 23.90441   165.5531   1  13   0.0206   0.5189  -0.0782  -179.3844     0.0134    53.5815 20112.3
2422 357443.500    -34 58 17.38393     138 38 23.90462   165.5456   1  13   0.1175   0.3955  -0.0606  -177.1897    -1.0991    55.6517 20112.3
2422 357443.600    -34 58 17.38294     138 38 23.90534   165.5410   1  13   0.2435   0.2252  -0.0250  -176.8249    -1.4162    55.3604 20112.3
2422 357443.700    -34 58 17.38246     138 38 23.90654   165.5406   1  13   0.3246   0.1188  -0.0109  -178.6589    -0.6975    54.8506 20112.3
2422 357443.800    -34 58 17.38217     138 38 23.90790   165.5388   1  13   0.3161   0.1206  -0.0202  -179.9626    -0.4811    54.6894 20112.3
2422 357443.900    -34 58 17.38168     138 38 23.90903   165.5366   1  13   0.2570   0.1952  -0.0235   179.4387    -0.2406    54.6083 20112.3
2422 357444.000    -34 58 17.38090     138 38 23.90992   165.5341   1  11   0.1416   0.3092  -0.0056   178.8151    -0.2178    55.6259 22298.4
2422 357444.100    -34 58 17.37968     138 38 23.91015   165.5354   1  11   0.0594   0.3845   0.0114   179.7883    -0.1802    56.3461 22298.4
2422 357444.200    -34 58 17.37841     138 38 23.91039   165.5364   1  11   0.0929   0.3601   0.0073  -179.6844    -0.5959    56.5418 22298.4
2422 357444.300    -34 58 17.37734     138 38 23.91088   165.5369   1  11   0.1615   0.2882  -0.0066  -178.6853    -0.7230    56.1420 22298.4
2422 357444.400    -34 58 17.37654     138 38 23.91167   165.5351   1  11   0.2260   0.2190  -0.0265  -179.4565    -0.1267    54.8971 22298.4
2422 357444.500    -34 58 17.37592     138 38 23.91266   165.5316   1  11   0.2616   0.1901  -0.0277   179.8125     0.0366    53.6012 22298.4
2422 357444.600    -34 58 17.37530     138 38 23.91373   165.5295   1  11   0.2690   0.2043  -0.0171   179.4241     0.5486    52.5794 22298.4
2422 357444.700    -34 58 17.37459     138 38 23.91478   165.5282   1  11   0.2647   0.2314  -0.0091   178.9647     0.4691    51.8595 22298.4
2422 357444.800    -34 58 17.37380     138 38 23.91582   165.5277   1  11   0.2590   0.2388  -0.0079   178.7817     0.1469    51.4335 22298.4
2422 357444.900    -34 58 17.37304     138 38 23.91682   165.5266   1  11   0.2574   0.2082  -0.0231   179.1818     0.0123    51.0794 22298.4
2422 357445.000    -34 58 17.37245     138 38 23.91785   165.5231   1  13   0.2450   0.2042  -0.0073   179.0882    -0.0174    50.5567 18267.9
2422 357445.100    -34 58 17.37172     138 38 23.91876   165.5251   1  13   0.2403   0.2184   0.0126   179.2689     0.2569    50.5410 18267.9
2422 357445.200    -34 58 17.37103     138 38 23.91974   165.5256   1  13   0.2527   0.2154   0.0018   179.0263     0.2224    50.1026 18267.9
2422 357445.300    -34 58 17.37032     138 38 23.92075   165.5255   1  13   0.2489   0.2368   0.0009   178.7904     0.1637    49.8362 18267.9
2422 357445.400    -34 58 17.36950     138 38 23.92170   165.5258   1  13   0.2293   0.2692   0.0037   178.7495    -0.0528    49.5392 18267.9
2422 357445.500    -34 58 17.36857     138 38 23.92256   165.5262   1  13   0.2048   0.2833   0.0000   179.0037    -0.4147    49.5961 18267.9
2422 357445.600    -34 58 17.36766     138 38 23.92332   165.5258   1  13   0.1880   0.2691  -0.0093   179.3136    -0.5000    49.6149 18267.9
2422 357445.700    -34 58 17.36683     138 38 23.92404   165.5244   1  13   0.1906   0.2484  -0.0161   179.3842    -0.4361    49.4633 18267.9
2422 357445.800    -34 58 17.36604     138 38 23.92482   165.5226   1  13   0.2036   0.2473  -0.0231   179.3177    -0.2914    49.3193 18267.9
2422 357445.900    -34 58 17.36522     138 38 23.92564   165.5197   1  13   0.2067   0.2637  -0.0308   179.0289    -0.3743    48.9231 18267.9
2422 357446.000    -34 58 17.36433     138 38 23.92645   165.5164   1  13   0.2177   0.2766  -0.0058   179.1686    -0.5337    48.8460 22036.8
2422 357446.100    -34 58 17.36343     138 38 23.92736   165.5186   1  13   0.2224   0.2758   0.0228   179.0541    -0.4219    48.5017 22036.8
2422 357446.200    -34 58 17.36254     138 38 23.92820   165.5209   1  13   0.2173   0.2717   0.0242   179.0339    -0.1613    48.3503 22036.8
2422 357446.300    -34 58 17.36166     138 38 23.92907   165.5234   1  13   0.2295   0.2680   0.0259   179.0186    -0.0916    48.1873 22036.8
2422 357446.400    -34 58 17.36080     138 38 23.93001   165.5261   1  13   0.2400   0.2551   0.0240   178.6788    -0.0947    47.8343 22036.8
2422 357446.500    -34 58 17.36001     138 38 23.93097   165.5282   1  13   0.2312   0.2356   0.0082   178.4448    -0.1734    47.5328 22036.8
2422 357446.600    -34 58 17.35928     138 38 23.93183   165.5278   1  13   0.2049   0.2201  -0.0160   178.2680    -0.0168    47.1205 22036.8
2422 357446.700    -34 58 17.35858     138 38 23.93258   165.5250   1  13   0.1884   0.2194  -0.0294   178.1876     0.3073    46.8990 22036.8
2422 357446.800    -34 58 17.35785     138 38 23.93332   165.5219   1  13   0.1998   0.2345  -0.0239   178.0726     0.6777    46.6142 22036.8
2422 357446.900    -34 58 17.35706     138 38 23.93416   165.5202   1  13   0.2234   0.2477  -0.0101   177.9127     0.8078    46.3232 22036.8
2422 357447.000    -34 58 17.35624     138 38 23.93508   165.5199   1  13   0.2787   0.2076   0.0306   177.7141     0.5138    46.0628 21324.4
2422 357447.100    -34 58 17.35571     138 38 23.93635   165.5264   1  13   0.3005   0.1648   0.0520   177.5710     0.3595    45.2182 21324.4
2422 357447.200    -34 58 17.35517     138 38 23.93745   165.5303   1  13   0.2572   0.1653   0.0262   177.5707     0.6276    44.5375 21324.4
2422 357447.300    -34 58 17.35464     138 38 23.93838   165.5316   1  13   0.2335   0.1792   0.0068   177.3587     0.9072    43.8707 21324.4
2422 357447.400    -34 58 17.35401     138 38 23.93929   165.5316   1  13   0.2382   0.2143  -0.0010   177.1729     1.3197    43.1449 21324.4
2422 357447.500    -34 58 17.35325     138 38 23.94026   165.5314   1  13   0.2480   0.2574   0.0035   177.1337     1.2249    42.4452 21324.4
2422 357447.600    -34 58 17.35234     138 38 23.94125   165.5323   1  13   0.2415   0.2918   0.0101   176.9740     1.0355    41.6146 21324.4
2422 357447.700    -34 58 17.35135     138 38 23.94216   165.5334   1  13   0.2131   0.3139   0.0064   176.9545     0.6269    40.8977 21324.4
2422 357447.800    -34 58 17.35030     138 38 23.94293   165.5336   1  13   0.1927   0.3151  -0.0136   176.8451     0.6872    40.1728 21324.4
2422 357447.900    -34 58 17.34931     138 38 23.94368   165.5307   1  13   0.2420   0.2593  -0.0664   177.2140     0.9137    39.7120 21324.4
2422 357448.000    -34 58 17.34862     138 38 23.94483   165.5203   1  13   0.4404  -0.0331  -0.0365  -179.9672     0.9247    39.1431 23970.1
2422 357448.100    -34 58 17.34952     138 38 23.94716   165.5234   1  13   0.5850  -0.3209   0.0449  -178.8908     0.3645    37.8963 23970.1
2422 357448.200    -34 58 17.35070     138 38 23.94945   165.5293   1  13   0.5225  -0.2971   0.0840   178.4628     0.7172    34.9146 23970.1
2422 357448.300    -34 58 17.35145     138 38 23.95128   165.5402   1  13   0.3769  -0.0571   0.1023   175.1555     0.9456    32.1788 23970.1
2422 357448.400    -34 58 17.35108     138 38 23.95242   165.5497   1  13   0.2424   0.3015   0.0154   173.7470     1.1744    32.1692 23970.1
2422 357448.500    -34 58 17.34949     138 38 23.95319   165.5433   1  13   0.1893   0.5933  -0.1398   176.2531     1.3280    35.9066 23970.1
2422 357448.600    -34 58 17.34723     138 38 23.95391   165.5218   1  13   0.1730   0.6841  -0.1742  -179.6221     0.0994    40.7458 23970.1
2422 357448.700    -34 58 17.34505     138 38 23.95455   165.5085   1  13   0.1618   0.5512  -0.1280  -177.7091    -0.4913    43.1855 23970.1
2422 357448.800    -34 58 17.34365     138 38 23.95519   165.4962   1  13   0.1566   0.3452  -0.0279  -176.1524    -0.6711    42.9554 23970.1
2422 357448.900    -34 58 17.34281     138 38 23.95579   165.5029   1  13   0.1590   0.2644   0.0710  -177.7609    -0.4495    41.5562 23970.1
2422 357449.000    -34 58 17.34193     138 38 23.95644   165.5104   1  13   0.1973   0.2502   0.0447  -179.1536     0.0565    40.5858 23751.1
2422 357449.100    -34 58 17.34119     138 38 23.95734   165.5118   1  13   0.1916   0.2916   0.0262   179.7444     0.1663    39.9625 23751.1
2422 357449.200    -34 58 17.34004     138 38 23.95795   165.5156   1  13   0.1361   0.3876   0.0359   178.2223     0.2133    40.2278 23751.1
2422 357449.300    -34 58 17.33867     138 38 23.95841   165.5190   1  13   0.1196   0.4132   0.0192   179.5372    -0.1607    42.0781 23751.1
2422 357449.400    -34 58 17.33736     138 38 23.95889   165.5195   1  13   0.1503   0.3592  -0.0077  -179.4960    -0.3756    43.7823 23751.1
2422 357449.500    -34 58 17.33634     138 38 23.95960   165.5175   1  13   0.2159   0.2579  -0.0213  -178.3951    -0.5057    44.5391 23751.1
2422 357449.600    -34 58 17.33569     138 38 23.96060   165.5152   1  13   0.2802   0.1640  -0.0180  -179.1696    -0.4419    44.2270 23751.1
2422 357449.700    -34 58 17.33528     138 38 23.96181   165.5139   1  13   0.3157   0.1158  -0.0124   179.7892    -0.2452    43.7837 23751.1
2422 357449.800    -34 58 17.33493     138 38 23.96308   165.5127   1  13   0.3128   0.1127  -0.0160   179.3315    -0.1960    43.7805 23751.1
2422 357449.900    -34 58 17.33455     138 38 23.96428   165.5107   1  13   0.2949   0.1253  -0.0283   178.7711    -0.3300    44.2948 23751.1
2422 357450.000    -34 58 17.33412     138 38 23.96541   165.5071   1  13   0.2592   0.1958  -0.0108   178.8768    -0.1441    45.0836 24085.5
2422 357450.100    -34 58 17.33328     138 38 23.96632   165.5085   1  13   0.2455   0.2621   0.0166   179.2455     0.1552    45.0915 24085.5
2422 357450.200    -34 58 17.33242     138 38 23.96735   165.5104   1  13   0.2759   0.2644   0.0241   179.1673     0.2534    44.8814 24085.5
2422 357450.300    -34 58 17.33156     138 38 23.96849   165.5133   1  13   0.2906   0.2490   0.0235   179.3912     0.0064    44.5652 24085.5
2422 357450.400    -34 58 17.33080     138 38 23.96964   165.5151   1  13   0.2686   0.2125   0.0045   179.1398    -0.1288    43.8646 24085.5
2422 357450.500    -34 58 17.33018     138 38 23.97061   165.5142   1  13   0.2263   0.1829  -0.0177   178.7851     0.3270    43.1614 24085.5
2422 357450.600    -34 58 17.32962     138 38 23.97142   165.5115   1  13   0.2041   0.1819  -0.0311   178.7512     0.8802    42.7073 24085.5
2422 357450.700    -34 58 17.32900     138 38 23.97222   165.5080   1  13   0.2109   0.2062  -0.0299   178.5348     1.3388    42.4769 24085.5
2422 357450.800    -34 58 17.32828     138 38 23.97308   165.5055   1  13   0.2210   0.2325  -0.0203   178.5326     1.2732    42.4049 24085.5
2422 357450.900    -34 58 17.32749     138 38 23.97396   165.5039   1  13   0.2191   0.2339  -0.0248   178.7188     1.2450    42.1257 24085.5
2422 357451.000    -34 58 17.32676     138 38 23.97481   165.5006   1  13   0.1906   0.1533  -0.0062   178.8830     1.5052    41.6800 21787.0
2422 357451.100    -34 58 17.32650     138 38 23.97547   165.5027   1  13   0.1761   0.0899   0.0228   178.9308     1.5320    42.0292 21787.0
2422 357451.200    -34 58 17.32618     138 38 23.97620   165.5051   1  13   0.2028   0.1222   0.0314   179.0375     1.8020    42.2932 21787.0
2422 357451.300    -34 58 17.32570     138 38 23.97706   165.5090   1  13   0.2275   0.1704   0.0383   178.9611     1.5628    42.5655 21787.0
2422 357451.400    -34 58 17.32507     138 38 23.97799   165.5128   1  13   0.2263   0.2092   0.0300   179.0831     1.0414    43.0766 21787.0
2422 357451.500    -34 58 17.32435     138 38 23.97885   165.5150   1  13   0.2173   0.2268   0.0101   179.3648     0.8597    43.5092 21787.0
2422 357451.600    -34 58 17.32360     138 38 23.97971   165.5148   1  13   0.2361   0.2345  -0.0192   179.7281     1.0287    44.0920 21787.0
2422 357451.700    -34 58 17.32282     138 38 23.98071   165.5111   1  13   0.2545   0.2232  -0.0682   179.7537     1.2099    44.4887 21787.0
2422 357451.800    -34 58 17.32215     138 38 23.98171   165.5012   1  13   0.2217   0.1738  -0.1035   179.8992     0.2763    45.0244 21787.0
2422 357451.900    -34 58 17.32170     138 38 23.98246   165.4904   1  13   0.1500   0.1328  -0.0611  -179.9009    -0.6502    45.4784 21787.0
2422 357452.000    -34 58 17.32129     138 38 23.98290   165.4890   1  12   0.0195   0.0511   0.0497   179.6089    -0.9353    45.3795 25279.0
2422 357452.100    -34 58 17.32136     138 38 23.98261   165.5004   1  12  -0.1005  -0.0009   0.0895   178.8653    -0.5736    44.3987 25279.0
2422 357452.200    -34 58 17.32129     138 38 23.98210   165.5069   1  12  -0.1293   0.0280   0.0344   178.5280    -0.2885    44.5201 25279.0
2422 357452.300    -34 58 17.32118     138 38 23.98159   165.5073   1  12  -0.1109   0.0224   0.0015   179.3193    -1.1678    46.0459 25279.0
2422 357452.400    -34 58 17.32115     138 38 23.98123   165.5072   1  12  -0.0689   0.0007   0.0064  -179.8139    -1.7816    46.9734 25279.0
2422 357452.500    -34 58 17.32118     138 38 23.98105   165.5085   1  12  -0.0182  -0.0153   0.0068  -179.6968    -1.5438    46.1508 25279.0
2422 357452.600    -34 58 17.32125     138 38 23.98109   165.5085   1  12   0.0372  -0.0177  -0.0023   179.2965    -1.3798    45.0466 25279.0
2422 357452.700    -34 58 17.32129     138 38 23.98134   165.5081   1  12   0.0687   0.0145  -0.0060   179.0139    -1.6047    44.7512 25279.0
2422 357452.800    -34 58 17.32115     138 38 23.98163   165.5073   1  12   0.0690   0.0584  -0.0128   178.4433    -1.8309    44.6870 25279.0
2422 357452.900    -34 58 17.32091     138 38 23.98189   165.5055   1  12   0.0665   0.0778  -0.0185   178.6363    -2.2436    44.9661 25279.0
2422 357453.000    -34 58 17.32065     138 38 23.98215   165.5036   1  12   0.0661   0.0946  -0.0166   178.8431    -2.6516    45.3853 25448.4
2422 357453.100    -34 58 17.32030     138 38 23.98241   165.5022   1  12   0.0676   0.0828  -0.0169   179.2166    -2.2139    45.5055 25448.4
2422 357453.200    -34 58 17.32011     138 38 23.98268   165.5002   1  12   0.0668   0.0371  -0.0255   178.9801    -1.8776    45.2032 25448.4
2422 357453.300    -34 58 17.32006     138 38 23.98293   165.4971   1  12   0.0484   0.0070  -0.0315   178.7129    -1.5478    44.9147 25448.4
2422 357453.400    -34 58 17.32007     138 38 23.98307   165.4939   1  12   0.0174  -0.0024  -0.0284   178.4872    -1.1760    44.6194 25448.4
2422 357453.500    -34 58 17.32008     138 38 23.98307   165.4914   1  12  -0.0023   0.0034   0.0028   178.4866    -0.9011    44.4930 25448.4
2422 357453.600    -34 58 17.32004     138 38 23.98305   165.4945   1  12   0.0057   0.0299   0.0420   178.4452    -0.7571    44.5125 25448.4
2422 357453.700    -34 58 17.31988     138 38 23.98312   165.4998   1  12   0.0401   0.0952   0.0427   178.3714     0.2846    44.2444 25448.4
2422 357453.800    -34 58 17.31943     138 38 23.98336   165.5030   1  12   0.0960   0.1820  -0.0055   178.3294     0.8316    44.2216 25448.4
2422 357453.900    -34 58 17.31870     138 38 23.98387   165.4987   1  12   0.1448   0.2120  -0.0676   178.8163     1.7032    44.8512 25448.4
2422 357454.000    -34 58 17.31805     138 38 23.98450   165.4895   1  12   0.1691   0.1333  -0.0884   179.0217     1.3593    45.3773 22811.8
2422 357454.100    -34 58 17.31783     138 38 23.98521   165.4810   1  12   0.1488   0.0178  -0.0348   179.1173    -0.2503    45.4930 22811.8
2422 357454.200    -34 58 17.31793     138 38 23.98568   165.4825   1  12   0.0978  -0.0475   0.0401   178.9177     0.4396    44.8207 22811.8
2422 357454.300    -34 58 17.31814     138 38 23.98598   165.4890   1  12   0.0706  -0.0516   0.0606   178.6768     1.7429    43.8848 22811.8
2422 357454.400    -34 58 17.31827     138 38 23.98623   165.4947   1  12   0.0413  -0.0254   0.0535   178.4726     1.4438    43.7035 22811.8
2422 357454.500    -34 58 17.31831     138 38 23.98630   165.4997   1  12  -0.0135   0.0040   0.0479   178.2075     1.1102    44.0350 22811.8
2422 357454.600    -34 58 17.31824     138 38 23.98613   165.5042   1  12  -0.0575   0.0361   0.0339   178.3405     1.6580    44.0877 22811.8
2422 357454.700    -34 58 17.31807     138 38 23.98585   165.5065   1  12  -0.0699   0.0653   0.0127   178.4734     2.0540    44.3552 22811.8
2422 357454.800    -34 58 17.31782     138 38 23.98558   165.5068   1  12  -0.0560   0.0809  -0.0037   178.7799     2.1023    45.0175 22811.8
2422 357454.900    -34 58 17.31755     138 38 23.98541   165.5058   1  12  -0.0206   0.0784  -0.0142   179.0215     2.5550    45.2578 22811.8
2422 357455.000    -34 58 17.31731     138 38 23.98541   165.5039   1  13   0.1777   0.0629  -0.0178   179.4269     2.6454    45.3066 18272.1
2422 357455.100    -34 58 17.31714     138 38 23.98681   165.5022   1  13   0.3592  -0.0183  -0.0100   178.1928     2.6277    27.5332 18272.1
2422 357455.200    -34 58 17.31743     138 38 23.98825   165.5020   1  13   0.3349  -0.1314   0.0047   176.8456     2.4741     9.5428 18272.1
2422 357455.300    -34 58 17.31799     138 38 23.98945   165.5031   1  13   0.2587  -0.1685   0.0078   175.5460     1.3886    -8.3968 18272.1
2422 357455.400    -34 58 17.31852     138 38 23.99029   165.5035   1  13   0.1406  -0.1576  -0.0108   174.5673     0.4342   -25.7016 18272.1
2422 357455.500    -34 58 17.31902     138 38 23.99056   165.5010   1  13  -0.0149  -0.1720  -0.0369   175.1720    -0.6298   -42.4576 18272.1
2422 357455.600    -34 58 17.31964     138 38 23.99017   165.4961   1  13  -0.1698  -0.2150  -0.0368   175.8644    -0.6715   -58.9850 18272.1
2422 357455.700    -34 58 17.32041     138 38 23.98922   165.4936   1  13  -0.3320  -0.2350   0.0233   174.7478    -0.8705   -76.5617 18272.1
2422 357455.800    -34 58 17.32117     138 38 23.98755   165.5008   1  13  -0.5261  -0.1925   0.0276   176.2714    -3.0918   -95.4113 18272.1
2422 357455.900    -34 58 17.32166     138 38 23.98507   165.4991   1  13  -0.7002  -0.0637   0.0432   179.2160    -2.4194  -113.5022 18272.1
2422 357456.000    -34 58 17.32158     138 38 23.98203   165.5094   1  12  -0.3152   0.0940   0.1291   179.2425    -3.5669  -130.5239 26558.4
2422 357456.100    -34 58 17.32105     138 38 23.98259   165.5250   1  12   0.1097   0.1036   0.0988   179.8488    -0.8760  -130.4097 26558.4
2422 357456.200    -34 58 17.32091     138 38 23.98289   165.5292   1  12   0.0485   0.0216  -0.0019   179.9474    -1.1586  -130.4271 26558.4
2422 357456.300    -34 58 17.32091     138 38 23.98297   165.5246   1  12  -0.0104  -0.0164  -0.0536   179.6745    -0.9671  -129.9543 26558.4
2422 357456.400    -34 58 17.32101     138 38 23.98281   165.5185   1  12  -0.0535  -0.0386  -0.0681  -179.9820    -0.1758  -129.6251 26558.4
2422 357456.500    -34 58 17.32116     138 38 23.98255   165.5109   1  12  -0.0807  -0.0472  -0.0493   179.9947    -0.2862  -129.8137 26558.4
2422 357456.600    -34 58 17.32132     138 38 23.98218   165.5086   1  12  -0.1104  -0.0590  -0.0147   179.6173    -0.0184  -130.1364 26558.4
2422 357456.700    -34 58 17.32154     138 38 23.98168   165.5080   1  12  -0.1426  -0.0784  -0.0220   179.7228     0.4300  -130.4250 26558.4
2422 357456.800    -34 58 17.32183     138 38 23.98105   165.5042   1  12  -0.1568  -0.0893  -0.0426   179.6605     0.4104  -130.4291 26558.4
2422 357456.900    -34 58 17.32212     138 38 23.98044   165.4995   1  12  -0.1217  -0.1007  -0.0314   179.4908     0.1968  -130.3193 26558.4
2422 357457.000    -34 58 17.32248     138 38 23.98009   165.4979   1  12  -0.0363  -0.0299   0.0123   179.0772     0.0484  -130.5833 25426.4
2422 357457.100    -34 58 17.32232     138 38 23.98015   165.5020   1  12   0.0148   0.0438   0.0384   178.9096     0.3910  -130.8110 25426.4
2422 357457.200    -34 58 17.32220     138 38 23.98021   165.5056   1  12   0.0017   0.0407   0.0310   179.1687     0.5684  -130.5783 25426.4
2422 357457.300    -34 58 17.32205     138 38 23.98017   165.5082   1  12  -0.0239   0.0420   0.0258   179.5256     0.1862  -130.2953 25426.4
2422 357457.400    -34 58 17.32192     138 38 23.98002   165.5108   1  12  -0.0352   0.0306   0.0118   179.3909     0.5325  -130.7623 25426.4
2422 357457.500    -34 58 17.32186     138 38 23.97989   165.5105   1  12  -0.0154   0.0123  -0.0112   178.7971     0.6356  -131.5356 25426.4
2422 357457.600    -34 58 17.32184     138 38 23.97990   165.5085   1  12   0.0142  -0.0158  -0.0127   178.4382     0.4992  -131.5123 25426.4
2422 357457.700    -34 58 17.32196     138 38 23.98000   165.5080   1  12   0.0240  -0.0416  -0.0170   178.7000     0.9536  -131.1511 25426.4
2422 357457.800    -34 58 17.32211     138 38 23.98009   165.5052   1  12   0.0170  -0.0486  -0.0320   179.2898     0.9035  -130.7646 25426.4
2422 357457.900    -34 58 17.32227     138 38 23.98014   165.5016   1  12   0.0074  -0.0488  -0.0385   179.1493     0.8341  -130.7484 25426.4
2422 357458.000    -34 58 17.32243     138 38 23.98015   165.4974   1  12  -0.1474  -0.1657  -0.0302   178.9853     1.2445  -131.1395 23895.9
2422 357458.100    -34 58 17.32335     138 38 23.97897   165.4955   1  12  -0.2850  -0.2636  -0.0058   178.9981     0.5359  -131.3122 23895.9
2422 357458.200    -34 58 17.32414     138 38 23.97790   165.4963   1  12  -0.2725  -0.2278   0.0145   179.2616    -0.0434  -131.3775 23895.9
2422 357458.300    -34 58 17.32483     138 38 23.97682   165.4984   1  12  -0.2594  -0.1904   0.0132   179.5342    -0.0850  -131.8686 23895.9
2422 357458.400    -34 58 17.32538     138 38 23.97585   165.4989   1  12  -0.1990  -0.1667   0.0060   178.8290    -0.5559  -132.7530 23895.9
2422 357458.500    -34 58 17.32591     138 38 23.97526   165.4996   1  12  -0.1187  -0.1859   0.0125   178.4711    -1.0342  -132.9960 23895.9
2422 357458.600    -34 58 17.32658     138 38 23.97492   165.5014   1  12  -0.0886  -0.2254   0.0171   178.9851    -0.8751  -132.5045 23895.9
2422 357458.700    -34 58 17.32737     138 38 23.97456   165.5031   1  12  -0.1088  -0.2465  -0.0021   179.3759    -1.0128  -132.1750 23895.9
2422 357458.800    -34 58 17.32818     138 38 23.97406   165.5010   1  12  -0.1471  -0.2345  -0.0422   179.8816    -1.3820  -132.0677 23895.9
2422 357458.900    -34 58 17.32889     138 38 23.97340   165.4946   1  12  -0.1873  -0.2025  -0.0765   179.9754    -1.4494  -132.3391 23895.9
2422 357459.000    -34 58 17.32950     138 38 23.97258   165.4857   1  12  -0.2242  -0.1914  -0.0412   179.7408    -1.2875  -132.9497 20513.9
2422 357459.100    -34 58 17.33014     138 38 23.97163   165.4864   1  12  -0.2435  -0.2158   0.0187   179.5724    -0.8334  -133.3799 20513.9
2422 357459.200    -34 58 17.33090     138 38 23.97067   165.4895   1  12  -0.2394  -0.2588   0.0428   179.2514    -0.6844  -133.7513 20513.9
2422 357459.300    -34 58 17.33182     138 38 23.96974   165.4949   1  12  -0.2290  -0.2959   0.0594   179.1534    -0.7049  -133.7073 20513.9
2422 357459.400    -34 58 17.33282     138 38 23.96886   165.5013   1  12  -0.2196  -0.2976   0.0540   179.3586    -0.9389  -133.3150 20513.9
2422 357459.500    -34 58 17.33375     138 38 23.96801   165.5057   1  12  -0.2151  -0.2590   0.0309   179.6604    -0.9531  -132.9588 20513.9
2422 357459.600    -34 58 17.33450     138 38 23.96716   165.5075   1  12  -0.2155  -0.2119   0.0039   179.6446    -0.7541  -133.1160 20513.9
2422 357459.700    -34 58 17.33512     138 38 23.96631   165.5065   1  12  -0.2181  -0.1882  -0.0127   179.3799    -0.3674  -133.5695 20513.9
2422 357459.800    -34 58 17.33572     138 38 23.96544   165.5050   1  12  -0.2267  -0.1963  -0.0073   179.3953    -0.1175  -133.8445 20513.9
2422 357459.900    -34 58 17.33640     138 38 23.96452   165.5051   1  12  -0.2434  -0.2213   0.0166   179.3856     0.1117  -133.9093 20513.9
2422 357460.000    -34 58 17.33716     138 38 23.96353   165.5083   1  13  -0.2586  -0.2413   0.0332   179.3455     0.0079  -133.9034 16327.4
2422 357460.100    -34 58 17.33796     138 38 23.96249   165.5117   1  13  -0.2529  -0.2399   0.0255   179.4206    -0.3685  -135.2080 16327.4
2422 357460.200    -34 58 17.33871     138 38 23.96153   165.5134   1  13  -0.2252  -0.2224   0.0032   179.3422    -0.3951  -136.6796 16327.4
2422 357460.300    -34 58 17.33940     138 38 23.96071   165.5124   1  13  -0.1992  -0.2124  -0.0192   179.4817    -0.2714  -138.0720 16327.4
2422 357460.400    -34 58 17.34009     138 38 23.95996   165.5095   1  13  -0.1971  -0.2218  -0.0264   179.6888    -0.0435  -139.3987 16327.4
2422 357460.500    -34 58 17.34084     138 38 23.95916   165.5071   1  13  -0.2214  -0.2442  -0.0166   179.8502     0.1476  -140.7767 16327.4
2422 357460.600    -34 58 17.34168     138 38 23.95822   165.5062   1  13  -0.2513  -0.2648  -0.0012   179.8574    -0.0116  -142.1272 16327.4
2422 357460.700    -34 58 17.34256     138 38 23.95717   165.5068   1  13  -0.2606  -0.2691   0.0029   179.8953    -0.4875  -143.4251 16327.4
2422 357460.800    -34 58 17.34342     138 38 23.95616   165.5068   1  13  -0.2415  -0.2526  -0.0129  -179.9431    -0.5980  -144.8141 16327.4
2422 357460.900    -34 58 17.34420     138 38 23.95527   165.5043   1  13  -0.2147  -0.2370  -0.0369  -179.9018    -0.5058  -146.2945 16327.4
2422 357461.000    -34 58 17.34496     138 38 23.95447   165.4994   1  13  -0.3118  -0.1404  -0.0139  -179.7185    -0.1305  -147.7609 19664.9
2422 357461.100    -34 58 17.34511     138 38 23.95281   165.5015   1  13  -0.4344  -0.0517   0.0299   179.5714     0.2434  -148.1750 19664.9
2422 357461.200    -34 58 17.34530     138 38 23.95104   165.5054   1  13  -0.4642  -0.0637   0.0493   178.8860     0.1615  -148.4092 19664.9
2422 357461.300    -34 58 17.34553     138 38 23.94915   165.5113   1  13  -0.4845  -0.0684   0.0594   178.2084     0.0872  -148.6808 19664.9
2422 357461.400    -34 58 17.34574     138 38 23.94722   165.5173   1  13  -0.4775  -0.0555   0.0508   177.3934    -0.2176  -148.8858 19664.9
2422 357461.500    -34 58 17.34589     138 38 23.94539   165.5215   1  13  -0.4536  -0.0483   0.0228   176.8176     0.0702  -149.1224 19664.9
2422 357461.600    -34 58 17.34606     138 38 23.94365   165.5218   1  13  -0.4229  -0.0975   0.0018   175.6874     0.5531  -149.6215 19664.9
2422 357461.700    -34 58 17.34652     138 38 23.94205   165.5218   1  13  -0.3649  -0.2358   0.0211   173.4590     0.3636  -149.8870 19664.9
2422 357461.800    -34 58 17.34759     138 38 23.94077   165.5260   1  13  -0.2859  -0.3851   0.0316   171.1830     1.0366  -149.0161 19664.9
2422 357461.900    -34 58 17.34902     138 38 23.93980   165.5282   1  13  -0.2511  -0.3768  -0.0187   171.9715     0.7579  -146.1645 19664.9
2422 357462.000    -34 58 17.35003     138 38 23.93879   165.5223   1  13  -0.2485  -0.1737  -0.0144   177.0538    -0.6191  -142.1488 6190.5
2422 357462.100    -34 58 17.35015     138 38 23.93784   165.5253   1  13  -0.3192   0.0683   0.0389   179.7818    -0.6340  -139.0421 6190.5
2422 357462.200    -34 58 17.34959     138 38 23.93627   165.5301   1  13  -0.4283   0.1978   0.0574   179.0330     0.2783  -140.5092 6190.5
2422 357462.300    -34 58 17.34886     138 38 23.93446   165.5368   1  13  -0.4159   0.1668   0.0700   174.9878    -0.1686  -143.6502 6190.5
2422 357462.400    -34 58 17.34851     138 38 23.93299   165.5441   1  13  -0.2814  -0.0382   0.0713   174.5842     0.4470  -144.1152 6190.5
2422 357462.500    -34 58 17.34911     138 38 23.93225   165.5510   1  13  -0.1209  -0.3429   0.0386   173.3596     0.8175  -142.2801 6190.5
2422 357462.600    -34 58 17.35073     138 38 23.93204   165.5518   1  13  -0.0135  -0.5860  -0.0227   175.4193     0.9728  -138.6293 6190.5
2422 357462.700    -34 58 17.35291     138 38 23.93214   165.5465   1  13   0.0310  -0.6862  -0.0609   178.1982     0.4365  -134.9423 6190.5
2422 357462.800    -34 58 17.35518     138 38 23.93229   165.5396   1  13   0.0259  -0.6642  -0.0722   179.8212    -0.0605  -132.1557 6190.5
2422 357462.900    -34 58 17.35722     138 38 23.93234   165.5320   1  13   0.0152  -0.6032  -0.0546  -178.4479    -0.4246  -130.3537 6190.5
2422 357463.000    -34 58 17.35910     138 38 23.93241   165.5287   1  13  -0.1480  -0.3654  -0.0247  -179.4057     0.1670  -129.8613  409.8
2422 357463.100    -34 58 17.35960     138 38 23.93118   165.5271   1  13  -0.2385  -0.1927  -0.0042   179.2903    -0.4691  -131.8092  409.8
2422 357463.200    -34 58 17.36035     138 38 23.93053   165.5279   1  13  -0.0811  -0.3200   0.0082   176.3994    -0.0274  -133.1807  409.8
2422 357463.300    -34 58 17.36167     138 38 23.93054   165.5287   1  13   0.0055  -0.4457  -0.0134   177.3431     0.7713  -132.0469  409.8
2422 357463.400    -34 58 17.36324     138 38 23.93057   165.5252   1  13  -0.0739  -0.4256  -0.0242  -177.6433    -0.6755  -128.6920  409.8
2422 357463.500    -34 58 17.36444     138 38 23.92995   165.5239   1  13  -0.2599  -0.2592  -0.0079  -175.7743    -0.3793  -127.1451  409.8
2422 357463.600    -34 58 17.36492     138 38 23.92852   165.5236   1  13  -0.4340  -0.0891   0.0217  -175.7347    -0.4970  -129.7636  409.8
2422 357463.700    -34 58 17.36501     138 38 23.92653   165.5282   1  13  -0.5183  -0.0324   0.0197  -179.9097     0.1164  -134.4999  409.8
2422 357463.800    -34 58 17.36513     138 38 23.92443   165.5276   1  13  -0.4672  -0.0926   0.0038   179.2019    -0.5548  -136.8360  409.8
2422 357463.900    -34 58 17.36561     138 38 23.92285   165.5290   1  13  -0.3235  -0.2246   0.0001   177.5239    -0.5180  -137.3946  409.8
2422 357464.000    -34 58 17.36659     138 38 23.92188   165.5276   1  13  -0.1721  -0.3584   0.0075   177.8687    -0.6152  -137.2334    7.5
2422 357464.100    -34 58 17.36794     138 38 23.92149   165.5305   1  13  -0.1055  -0.3928   0.0282   179.2226    -0.9123  -135.9003    7.5
2422 357464.200    -34 58 17.36914     138 38 23.92105   165.5332   1  13  -0.1611  -0.3171   0.0292  -179.6123    -0.7440  -134.5388    7.5
2422 357464.300    -34 58 17.37000     138 38 23.92022   165.5363   1  13  -0.2570  -0.2357   0.0144  -178.1973    -0.8607  -133.7805    7.5
2422 357464.400    -34 58 17.37067     138 38 23.91902   165.5361   1  13  -0.3192  -0.1923  -0.0013   179.7187    -0.4689  -134.7342    7.5
2422 357464.500    -34 58 17.37125     138 38 23.91771   165.5361   1  13  -0.3116  -0.1872  -0.0058   179.0795    -0.8166  -135.5577    7.5
2422 357464.600    -34 58 17.37189     138 38 23.91657   165.5349   1  13  -0.2564  -0.2061  -0.0070   178.0416    -0.4847  -135.8132    7.5
2422 357464.700    -34 58 17.37258     138 38 23.91568   165.5347   1  13  -0.2224  -0.2141   0.0016   178.1951    -0.5288  -134.8844    7.5
2422 357464.800    -34 58 17.37328     138 38 23.91481   165.5353   1  13  -0.2496  -0.2041  -0.0018   178.9748    -0.4887  -133.8547    7.5
2422 357464.900    -34 58 17.37391     138 38 23.91372   165.5343   1  13  -0.3116  -0.1719  -0.0056   178.7562    -0.6703  -133.4232    7.5
2422 357465.000    -34 58 17.37439     138 38 23.91236   165.5341   2  13  -0.3177  -0.1846   0.0064   178.9447    -0.8164  -133.3606    1.6
2422 357465.100    -34 58 17.37511     138 38 23.91121   165.5356   2  13  -0.2838  -0.2125   0.0109   178.4469    -0.7429  -133.4175    1.6
2422 357465.200    -34 58 17.37577     138 38 23.91012   165.5363   2  13  -0.2626  -0.2068   0.0038   178.6543    -0.7720  -133.1034    1.6
2422 357465.300    -34 58 17.37645     138 38 23.90914   165.5364   2  13  -0.2344  -0.2285   0.0042   178.3620    -0.3492  -132.9873    1.6
2422 357465.400    -34 58 17.37725     138 38 23.90827   165.5372   2  13  -0.2151  -0.2766   0.0113   178.3306    -0.4591  -132.5316    1.6
2422 357465.500    -34 58 17.37824     138 38 23.90745   165.5386   2  13  -0.2065  -0.3141   0.0113   178.6242    -0.4630  -131.8226    1.6
2422 357465.600    -34 58 17.37929     138 38 23.90664   165.5394   2  13  -0.2017  -0.3086   0.0030   178.7967    -0.8980  -131.0676    1.6
2422 357465.700    -34 58 17.38025     138 38 23.90586   165.5392   2  13  -0.1981  -0.2716  -0.0118   179.2627    -0.6587  -130.4457    1.6
2422 357465.800    -34 58 17.38106     138 38 23.90508   165.5371   2  13  -0.2007  -0.2443  -0.0188   179.1130    -0.4444  -130.3241    1.6
2422 357465.900    -34 58 17.38183     138 38 23.90427   165.5355   2  13  -0.2087  -0.2546  -0.0081   178.9751    -0.1204  -130.0452    1.6
2422 357466.000    -34 58 17.38271     138 38 23.90344   165.5354   1  13  -0.2095  -0.2743   0.0162   178.8753    -0.0330  -129.7773   60.2
2422 357466.100    -34 58 17.38361     138 38 23.90262   165.5387   1  13  -0.2066  -0.2830   0.0380   179.1250    -0.3917  -129.9554   60.2
2422 357466.200    -34 58 17.38454     138 38 23.90181   165.5430   1  13  -0.2043  -0.2882   0.0344   179.3701    -0.1300  -130.3287   60.2
2422 357466.300    -34 58 17.38548     138 38 23.90101   165.5456   1  13  -0.1968  -0.2861   0.0243   179.4870    -0.2928  -130.6577   60.2
2422 357466.400    -34 58 17.38640     138 38 23.90026   165.5479   1  13  -0.1907  -0.2861   0.0190   179.5002    -0.0970  -130.8730   60.2
2422 357466.500    -34 58 17.38734     138 38 23.89951   165.5494   1  13  -0.1936  -0.2853   0.0082   179.5025     0.1410  -131.1990   60.2
2422 357466.600    -34 58 17.38825     138 38 23.89873   165.5495   1  13  -0.1996  -0.2628  -0.0029   179.7755    -0.1004  -131.1798   60.2
2422 357466.700    -34 58 17.38905     138 38 23.89793   165.5488   1  13  -0.2081  -0.2292  -0.0124  -179.9770     0.1559  -131.4937   60.2
2422 357466.800    -34 58 17.38974     138 38 23.89709   165.5471   1  13  -0.2229  -0.2189  -0.0204   179.9686     0.4111  -132.0104   60.2
2422 357466.900    -34 58 17.39047     138 38 23.89618   165.5447   1  13  -0.2198  -0.2252  -0.0369   179.8593     0.7744  -132.5368   60.2
2422 357467.000    -34 58 17.39120     138 38 23.89536   165.5397   1  13  -0.1437  -0.2724   0.0034   179.7081     0.5516  -133.0588 18020.7
2422 357467.100    -34 58 17.39223     138 38 23.89504   165.5454   1  13  -0.0239  -0.3873   0.0792   177.6242     0.2840  -133.5684 18020.7
2422 357467.200    -34 58 17.39372     138 38 23.89517   165.5555   1  13   0.0838  -0.5068   0.0905   175.9603     0.8424  -133.0153 18020.7
2422 357467.300    -34 58 17.39552     138 38 23.89570   165.5635   1  13   0.1109  -0.5162   0.0700   177.5235     0.3396  -130.2823 18020.7
2422 357467.400    -34 58 17.39707     138 38 23.89604   165.5695   1  13  -0.0345  -0.3682   0.0496  -176.9033    -1.0557  -126.4188 18020.7
2422 357467.500    -34 58 17.39791     138 38 23.89543   165.5734   1  13  -0.3064  -0.1710   0.0203  -174.6925    -1.4048  -125.2139 18020.7
2422 357467.600    -34 58 17.39818     138 38 23.89363   165.5736   1  13  -0.5713  -0.0373  -0.0470  -175.1653    -0.6882  -128.2228 18020.7
2422 357467.700    -34 58 17.39816     138 38 23.89093   165.5640   1  13  -0.6993   0.0153  -0.0869  -179.6707    -0.4247  -133.1396 18020.7
2422 357467.800    -34 58 17.39808     138 38 23.88811   165.5562   1  13  -0.6110  -0.0279  -0.0761   178.3635    -0.8300  -135.6961 18020.7
2422 357467.900    -34 58 17.39834     138 38 23.88611   165.5488   1  13  -0.3970  -0.1406  -0.0588   176.5822    -1.0027  -136.0089 18020.7
2422 357468.000    -34 58 17.39899     138 38 23.88498   165.5444   1  13  -0.1613  -0.3498  -0.0284   177.2009    -1.0400  -134.8552 4084.5
2422 357468.100    -34 58 17.40061     138 38 23.88484   165.5431   1  13  -0.0675  -0.4828  -0.0042   179.2931    -0.7332  -132.5173 4084.5
2422 357468.200    -34 58 17.40212     138 38 23.88445   165.5436   1  13  -0.1628  -0.4077   0.0139  -178.9601    -1.3893  -130.5644 4084.5
2422 357468.300    -34 58 17.40325     138 38 23.88356   165.5459   1  13  -0.2853  -0.2901   0.0154  -178.4376    -1.5961  -129.7550 4084.5
2422 357468.400    -34 58 17.40400     138 38 23.88220   165.5467   1  13  -0.3653  -0.1955  -0.0046  -179.5279    -1.5786  -130.4604 4084.5
2422 357468.500    -34 58 17.40452     138 38 23.88067   165.5450   1  13  -0.3663  -0.1624  -0.0147   178.7822    -1.0925  -131.4779 4084.5
2422 357468.600    -34 58 17.40506     138 38 23.87931   165.5437   1  13  -0.3049  -0.1848  -0.0000   177.6843    -0.7449  -131.8473 4084.5
2422 357468.700    -34 58 17.40572     138 38 23.87827   165.5450   1  13  -0.2423  -0.2192   0.0227   177.3511    -0.6952  -130.8442 4084.5
2422 357468.800    -34 58 17.40648     138 38 23.87740   165.5483   1  13  -0.2239  -0.2276   0.0252   177.9218    -0.9622  -129.4858 4084.5
2422 357468.900    -34 58 17.40720     138 38 23.87651   165.5500   1  13  -0.2499  -0.1888   0.0025   178.4510    -1.3526  -128.4761 4084.5
2422 357469.000    -34 58 17.40771     138 38 23.87543   165.5488   1  13  -0.2557  -0.1924  -0.0049   178.7348    -1.1433  -127.9721  152.1
2422 357469.100    -34 58 17.40845     138 38 23.87449   165.5490   1  13  -0.2534  -0.2242   0.0008   178.4409    -0.9472  -127.7810  152.1
2422 357469.200    -34 58 17.40916     138 38 23.87344   165.5489   1  13  -0.2614  -0.2339   0.0017   178.2850    -0.5851  -127.6615  152.1
2422 357469.300    -34 58 17.40996     138 38 23.87243   165.5494   1  13  -0.2339  -0.2670   0.0110   177.7714    -0.9912  -127.5596  152.1
2422 357469.400    -34 58 17.41089     138 38 23.87159   165.5511   1  13  -0.1864  -0.2981   0.0106   178.2151    -0.8077  -126.9845  152.1
2422 357469.500    -34 58 17.41190     138 38 23.87096   165.5515   1  13  -0.1430  -0.3051  -0.0002   178.2929    -1.0834  -126.2362  152.1
2422 357469.600    -34 58 17.41287     138 38 23.87046   165.5511   1  13  -0.1277  -0.2923  -0.0131   178.7477    -0.6796  -125.2728  152.1
2422 357469.700    -34 58 17.41380     138 38 23.86995   165.5489   1  13  -0.1415  -0.2779  -0.0202   178.9285    -0.5643  -124.7485  152.1
2422 357469.800    -34 58 17.41468     138 38 23.86935   165.5470   1  13  -0.1544  -0.2789  -0.0130   178.8376    -0.6380  -124.3854  152.1
2422 357469.900    -34 58 17.41561     138 38 23.86874   165.5463   1  13  -0.1396  -0.2938  -0.0126   178.8549    -0.3543  -124.2343  152.1
2422 357470.000    -34 58 17.41658     138 38 23.86825   165.5445   2  13  -0.1540  -0.2871  -0.0032   178.8056    -0.6139  -123.8305    1.6
2422 357470.100    -34 58 17.41747     138 38 23.86752   165.5456   2  13  -0.1843  -0.2767   0.0058   178.8151    -0.3176  -123.6435    1.6
2422 357470.200    -34 58 17.41838     138 38 23.86679   165.5457   2  13  -0.1899  -0.2815   0.0020   178.8771    -0.5077  -123.5742    1.6
2422 357470.300    -34 58 17.41929     138 38 23.86602   165.5460   2  13  -0.1967  -0.2802   0.0002   178.9220    -0.6134  -123.4631    1.6
2422 357470.400    -34 58 17.42020     138 38 23.86524   165.5457   2  13  -0.1909  -0.2681  -0.0113   178.8773    -0.6228  -123.7004    1.6
2422 357470.500    -34 58 17.42103     138 38 23.86452   165.5438   2  13  -0.1797  -0.2564  -0.0164   178.8810    -0.7314  -123.6724    1.6
2422 357470.600    -34 58 17.42186     138 38 23.86383   165.5425   2  13  -0.1814  -0.2631  -0.0142   178.6838    -0.2987  -123.8337    1.6
2422 357470.700    -34 58 17.42274     138 38 23.86309   165.5409   2  13  -0.1875  -0.2779  -0.0089   178.6256    -0.2990  -123.8338    1.6
2422 357470.800    -34 58 17.42367     138 38 23.86235   165.5407   2  13  -0.1881  -0.2935   0.0060   178.6360    -0.6127  -123.6742    1.6
2422 357470.900    -34 58 17.42465     138 38 23.86161   165.5421   2  13  -0.1886  -0.2941   0.0059   178.8913    -0.6567  -123.6572    1.6
2422 357471.000    -34 58 17.42557     138 38 23.86086   165.5419   2  13  -0.1940  -0.2759   0.0078   178.7025    -0.9839  -123.6736    1.8
2422 357471.100    -34 58 17.42644     138 38 23.86008   165.5437   2  13  -0.1962  -0.2580   0.0169   178.5582    -0.6874  -123.5742    1.8
2422 357471.200    -34 58 17.42725     138 38 23.85931   165.5452   2  13  -0.1930  -0.2519   0.0137   178.7070    -0.4577  -123.5891    1.8
2422 357471.300    -34 58 17.42807     138 38 23.85855   165.5464   2  13  -0.1903  -0.2666   0.0130   178.5275    -0.4024  -123.5498    1.8
2422 357471.400    -34 58 17.42898     138 38 23.85781   165.5478   2  13  -0.1895  -0.2888   0.0171   178.8375    -0.3273  -123.4214    1.8
2422 357471.500    -34 58 17.42995     138 38 23.85706   165.5498   2  13  -0.1870  -0.2952   0.0213   178.5981    -0.4115  -123.4473    1.8
2422 357471.600    -34 58 17.43089     138 38 23.85634   165.5521   2  13  -0.1786  -0.2873   0.0185   178.8385    -0.1842  -123.1819    1.8
2422 357471.700    -34 58 17.43181     138 38 23.85565   165.5535   2  13  -0.1746  -0.2864   0.0168   178.8295     0.1153  -123.1511    1.8
2422 357471.800    -34 58 17.43275     138 38 23.85496   165.5555   2  13  -0.1761  -0.2997   0.0240   178.7971    -0.0674  -122.8393    1.8
2422 357471.900    -34 58 17.43376     138 38 23.85426   165.5583   2  13  -0.1783  -0.3124   0.0252   178.8056     0.2022  -122.8513    1.8
2422 357472.000    -34 58 17.43478     138 38 23.85356   165.5605   1  13  -0.1757  -0.2832   0.0162   178.8055    -0.0348  -122.7556  482.4
2422 357472.100    -34 58 17.43559     138 38 23.85288   165.5616   1  13  -0.1710  -0.2448   0.0048   178.9646     0.0048  -122.4543  482.4
2422 357472.200    -34 58 17.43637     138 38 23.85221   165.5615   1  13  -0.1709  -0.2446  -0.0005   178.8476     0.1832  -122.5955  482.4
2422 357472.300    -34 58 17.43718     138 38 23.85153   165.5615   1  13  -0.1732  -0.2649   0.0094   178.8037     0.0118  -122.4033  482.4
2422 357472.400    -34 58 17.43809     138 38 23.85084   165.5633   1  13  -0.1766  -0.2881   0.0154   178.6370     0.1274  -122.3725  482.4
2422 357472.500    -34 58 17.43905     138 38 23.85014   165.5646   1  13  -0.1782  -0.2971   0.0066   178.5017    -0.0736  -122.1206  482.4
2422 357472.600    -34 58 17.44002     138 38 23.84944   165.5647   1  13  -0.1799  -0.2954  -0.0087   178.8143     0.0415  -121.7917  482.4
2422 357472.700    -34 58 17.44097     138 38 23.84872   165.5628   1  13  -0.1823  -0.2945  -0.0247   178.6523     0.0720  -121.7557  482.4
2422 357472.800    -34 58 17.44193     138 38 23.84800   165.5597   1  13  -0.1788  -0.3025  -0.0313   178.5302    -0.1551  -121.5231  482.4
2422 357472.900    -34 58 17.44293     138 38 23.84731   165.5566   1  13  -0.1760  -0.3024  -0.0368   178.4083    -0.1666  -121.4590  482.4
2422 357473.000    -34 58 17.44389     138 38 23.84661   165.5524   2  13  -0.1940  -0.2997  -0.0054   178.5673    -0.5174  -121.0350    1.4
2422 357473.100    -34 58 17.44488     138 38 23.84578   165.5555   2  13  -0.2154  -0.2932   0.0237   178.8670    -0.3733  -120.7888    1.4
2422 357473.200    -34 58 17.44579     138 38 23.84492   165.5571   2  13  -0.2159  -0.2825   0.0143   178.9128    -0.5737  -120.7212    1.4
2422 357473.300    -34 58 17.44671     138 38 23.84408   165.5583   2  13  -0.2070  -0.2949   0.0130   178.8169    -0.4784  -120.6656    1.4
2422 357473.400    -34 58 17.44771     138 38 23.84328   165.5597   2  13  -0.1893  -0.3095   0.0112   178.6797    -0.4687  -120.7961    1.4
2422 357473.500    -34 58 17.44872     138 38 23.84259   165.5606   2  13  -0.1599  -0.3098   0.0093   178.7561    -0.8803  -120.5026    1.4
2422 357473.600    -34 58 17.44972     138 38 23.84202   165.5616   2  13  -0.1364  -0.3081   0.0075   179.0541    -0.7327  -120.1172    1.4
2422 357473.700    -34 58 17.45072     138 38 23.84151   165.5621   2  13  -0.1334  -0.3118   0.0056   179.3268    -0.8151  -119.7478    1.4
2422 357473.800    -34 58 17.45174     138 38 23.84097   165.5627   2  13  -0.1495  -0.3175   0.0017   179.4409    -0.7269  -119.3131    1.4
2422 357473.900    -34 58 17.45278     138 38 23.84033   165.5624   2  13  -0.1685  -0.3138  -0.0084   179.5455    -0.7125  -119.1982    1.4
2422 357474.000    -34 58 17.45378     138 38 23.83964   165.5610   1  13  -0.1861  -0.3281   0.0138   179.3661    -1.0343  -119.1156   68.0
2422 357474.100    -34 58 17.45491     138 38 23.83887   165.5652   1  13  -0.1903  -0.3506   0.0364   179.4475    -0.8686  -119.2800   68.0
2422 357474.200    -34 58 17.45605     138 38 23.83814   165.5683   1  13  -0.1745  -0.3485   0.0323   179.2765    -1.2923  -119.3516   68.0
2422 357474.300    -34 58 17.45717     138 38 23.83749   165.5716   1  13  -0.1619  -0.3416   0.0298   179.4867    -1.1570  -119.1158   68.0
2422 357474.400    -34 58 17.45827     138 38 23.83687   165.5743   1  13  -0.1639  -0.3369   0.0275   179.5594    -1.2538  -119.0376   68.0
2422 357474.500    -34 58 17.45936     138 38 23.83620   165.5771   1  13  -0.1738  -0.3324   0.0296   179.5324    -1.5863  -118.7569   68.0
2422 357474.600    -34 58 17.46043     138 38 23.83550   165.5802   1  13  -0.1801  -0.3218   0.0214   179.5677    -1.4156  -118.9043   68.0
2422 357474.700    -34 58 17.46145     138 38 23.83478   165.5814   1  13  -0.1789  -0.3041   0.0058   179.7238    -1.9415  -118.8083   68.0
2422 357474.800    -34 58 17.46240     138 38 23.83409   165.5813   1  13  -0.1698  -0.2871  -0.0019   179.4487    -1.9564  -118.8788   68.0
2422 357474.900    -34 58 17.46331     138 38 23.83344   165.5811   1  13  -0.1658  -0.2826   0.0000   179.6102    -2.2098  -118.7966   68.0
2422 357475.000    -34 58 17.46424     138 38 23.83278   165.5813   1  13  -0.1762  -0.3513   0.0282   179.4520    -2.2631  -118.6063 14329.9
2422 357475.100    -34 58 17.46559     138 38 23.83205   165.5867   1  13  -0.1801  -0.4084   0.0475   179.5365    -2.3833  -118.5687 14329.9
2422 357475.200    -34 58 17.46689     138 38 23.83136   165.5908   1  13  -0.1710  -0.3880   0.0329   179.3665    -2.4482  -118.4857 14329.9
2422 357475.300    -34 58 17.46811     138 38 23.83070   165.5933   1  13  -0.1694  -0.3662   0.0198   179.5710    -2.3269  -118.4126 14329.9
2422 357475.400    -34 58 17.46926     138 38 23.83002   165.5948   1  13  -0.1837  -0.3478   0.0165   179.4670    -2.4003  -118.3088 14329.9
2422 357475.500    -34 58 17.47036     138 38 23.82926   165.5966   1  13  -0.2023  -0.3220   0.0184   179.5741    -2.3027  -118.2941 14329.9
2422 357475.600    -34 58 17.47135     138 38 23.82843   165.5985   1  13  -0.2118  -0.2895   0.0166   179.5571    -2.4404  -118.3777 14329.9
2422 357475.700    -34 58 17.47224     138 38 23.82759   165.5999   1  13  -0.2059  -0.2769   0.0148   179.1682    -2.2258  -118.5946 14329.9
2422 357475.800    -34 58 17.47315     138 38 23.82680   165.6014   1  13  -0.1842  -0.2885   0.0105   179.0892    -2.1537  -118.8036 14329.9
2422 357475.900    -34 58 17.47411     138 38 23.82613   165.6020   1  13  -0.1595  -0.2998  -0.0023   178.8531    -1.9975  -118.6106 14329.9
2422 357476.000    -34 58 17.47510     138 38 23.82555   165.6010   1  13  -0.1568  -0.3175   0.0042   179.0038    -2.0127  -118.2105 15957.6
2422 357476.100    -34 58 17.47618     138 38 23.82490   165.6028   1  13  -0.1703  -0.3245   0.0149   179.2960    -2.0885  -117.8709 15957.6
2422 357476.200    -34 58 17.47720     138 38 23.82420   165.6040   1  13  -0.1860  -0.3069   0.0097   179.5938    -2.0153  -117.7749 15957.6
2422 357476.300    -34 58 17.47817     138 38 23.82343   165.6048   1  13  -0.2004  -0.2896   0.0048   179.4691    -2.0393  -118.0691 15957.6
2422 357476.400    -34 58 17.47908     138 38 23.82262   165.6049   1  13  -0.1955  -0.2850  -0.0054   179.5055    -1.9304  -118.2456 15957.6
2422 357476.500    -34 58 17.48002     138 38 23.82189   165.6037   1  13  -0.1694  -0.2963  -0.0137   179.2033    -1.7564  -118.6022 15957.6
2422 357476.600    -34 58 17.48100     138 38 23.82129   165.6022   1  13  -0.1385  -0.3123  -0.0147   179.2145    -1.7974  -118.4984 15957.6
2422 357476.700    -34 58 17.48204     138 38 23.82080   165.6008   1  13  -0.1220  -0.3215  -0.0168   179.3468    -1.6388  -118.3224 15957.6
2422 357476.800    -34 58 17.48309     138 38 23.82033   165.5988   1  13  -0.1265  -0.3186  -0.0240   179.7282    -1.8076  -117.9500 15957.6
2422 357476.900    -34 58 17.48411     138 38 23.81980   165.5960   1  13  -0.1435  -0.3087  -0.0362  -179.9720    -1.6430  -117.8046 15957.6
2422 357477.000    -34 58 17.48509     138 38 23.81919   165.5916   1  13  -0.1717  -0.2886  -0.0153   179.8689    -1.6946  -118.2109 21923.2
2422 357477.100    -34 58 17.48598     138 38 23.81845   165.5929   1  13  -0.1777  -0.2719   0.0110   179.6248    -1.9132  -118.5440 21923.2
2422 357477.200    -34 58 17.48686     138 38 23.81779   165.5938   1  13  -0.1545  -0.2755   0.0104   179.3854    -1.9936  -118.7150 21923.2
2422 357477.300    -34 58 17.48777     138 38 23.81723   165.5950   1  13  -0.1426  -0.2919   0.0141   179.4698    -2.1590  -118.4779 21923.2
2422 357477.400    -34 58 17.48875     138 38 23.81667   165.5966   1  13  -0.1476  -0.3089   0.0138   179.7714    -2.2488  -118.1672 21923.2
2422 357477.500    -34 58 17.48978     138 38 23.81606   165.5977   1  13  -0.1619  -0.3160   0.0098   179.6632    -2.4877  -118.2554 21923.2
2422 357477.600    -34 58 17.49080     138 38 23.81539   165.5986   1  13  -0.1707  -0.3175   0.0073   179.6906    -2.7785  -118.2315 21923.2
2422 357477.700    -34 58 17.49184     138 38 23.81472   165.5992   1  13  -0.1724  -0.3097  -0.0035   179.4845    -2.8476  -118.5890 21923.2
2422 357477.800    -34 58 17.49281     138 38 23.81403   165.5979   1  13  -0.1680  -0.2951  -0.0167   179.6470    -3.1929  -118.4053 21923.2
2422 357477.900    -34 58 17.49375     138 38 23.81339   165.5959   1  13  -0.1608  -0.2873  -0.0249   179.5210    -3.1350  -118.5119 21923.2
2422 357478.000    -34 58 17.49468     138 38 23.81277   165.5929   1  13  -0.1430  -0.2177  -0.0282   179.5210    -3.2938  -118.4956 21969.4
2422 357478.100    -34 58 17.49517     138 38 23.81227   165.5902   1  13  -0.1155  -0.1470  -0.0261   179.5555    -2.7412  -118.4992 21969.4
2422 357478.200    -34 58 17.49563     138 38 23.81186   165.5877   1  13  -0.0892  -0.1295  -0.0200   179.4665    -2.8327  -118.5398 21969.4
2422 357478.300    -34 58 17.49601     138 38 23.81156   165.5862   1  13  -0.0571  -0.1023  -0.0012   179.6298    -2.7484  -118.2904 21969.4
2422 357478.400    -34 58 17.49630     138 38 23.81141   165.5874   1  13  -0.0357  -0.0933   0.0167   179.6325    -2.7232  -118.4083 21969.4
2422 357478.500    -34 58 17.49661     138 38 23.81128   165.5896   1  13  -0.0373  -0.1219   0.0111   179.7352    -2.0909  -118.3981 21969.4
2422 357478.600    -34 58 17.49709     138 38 23.81111   165.5896   1  13  -0.0522  -0.1792  -0.0372   179.5215    -1.4148  -118.3569 21969.4
2422 357478.700    -34 58 17.49777     138 38 23.81087   165.5821   1  13  -0.0732  -0.2253  -0.0988   179.7638    -0.6766  -118.1088 21969.4
2422 357478.800    -34 58 17.49855     138 38 23.81053   165.5699   1  13  -0.1037  -0.2244  -0.0964  -179.9692    -0.3242  -117.6632 21969.4
2422 357478.900    -34 58 17.49923     138 38 23.81005   165.5628   1  13  -0.1328  -0.1945  -0.0181  -179.2179    -1.2380  -117.4750 21969.4
2422 357479.000    -34 58 17.49981     138 38 23.80949   165.5663   1  13  -0.1101  -0.0976   0.0482  -179.8072    -0.5814  -118.4916 20845.3
2422 357479.100    -34 58 17.49986     138 38 23.80918   165.5725   1  13  -0.0558  -0.0333   0.0454   179.6205    -0.2158  -119.5199 20845.3
2422 357479.200    -34 58 17.50003     138 38 23.80905   165.5753   1  13  -0.0094  -0.0572   0.0270   179.1370    -0.7565  -119.2060 20845.3
2422 357479.300    -34 58 17.50023     138 38 23.80911   165.5779   1  13   0.0285  -0.0543   0.0221   179.5724    -1.1395  -118.2955 20845.3
2422 357479.400    -34 58 17.50038     138 38 23.80927   165.5798   1  13   0.0306  -0.0236   0.0126   179.9059    -1.1343  -118.0876 20845.3
2422 357479.500    -34 58 17.50039     138 38 23.80935   165.5804   1  13   0.0023   0.0111   0.0049  -179.9827    -1.2522  -118.0674 20845.3
2422 357479.600    -34 58 17.50031     138 38 23.80929   165.5807   1  13  -0.0207   0.0280  -0.0065   179.7525    -1.0553  -118.3200 20845.3
2422 357479.700    -34 58 17.50021     138 38 23.80919   165.5791   1  13  -0.0219   0.0331  -0.0188   179.5061    -1.1403  -118.7480 20845.3
2422 357479.800    -34 58 17.50009     138 38 23.80912   165.5770   1  13  -0.0076   0.0335  -0.0225   179.2062    -1.1304  -118.8320 20845.3
2422 357479.900    -34 58 17.49999     138 38 23.80913   165.5746   1  13   0.0057   0.0347  -0.0296   179.3897    -1.1133  -118.6790 20845.3
2422 357480.000    -34 58 17.49987     138 38 23.80916   165.5710   1  13  -0.0021   0.0103  -0.0155   179.5172    -1.2047  -118.4928 17997.5
2422 357480.100    -34 58 17.49992     138 38 23.80911   165.5715   1  13  -0.0153  -0.0128   0.0033   179.5397    -1.3934  -118.4507 17997.5
2422 357480.200    -34 58 17.49995     138 38 23.80904   165.5717   1  13  -0.0173  -0.0106  -0.0032   179.4382    -1.0320  -118.6281 17997.5
2422 357480.300    -34 58 17.49999     138 38 23.80897   165.5709   1  13  -0.0130  -0.0118  -0.0048   179.3234    -1.1767  -118.6343 17997.5
2422 357480.400    -34 58 17.50003     138 38 23.80894   165.5707   1  13  -0.0093  -0.0103  -0.0010   179.4803    -1.2602  -118.5354 17997.5
2422 357480.500    -34 58 17.50006     138 38 23.80890   165.5707   1  13  -0.0108  -0.0001  -0.0059   179.4877    -1.0505  -118.6233 17997.5
2422 357480.600    -34 58 17.50003     138 38 23.80885   165.5696   1  13  -0.0067   0.0133  -0.0085   179.4071    -1.3846  -118.6542 17997.5
2422 357480.700    -34 58 17.49997     138 38 23.80885   165.5689   1  13   0.0045   0.0085  -0.0060   179.3377    -1.1470  -118.8281 17997.5
2422 357480.800    -34 58 17.49997     138 38 23.80889   165.5683   1  13   0.0206  -0.0042  -0.0097   179.2783    -0.9659  -118.9513 17997.5
2422 357480.900    -34 58 17.50000     138 38 23.80901   165.5670   1  13   0.0369  -0.0051  -0.0191   179.3471    -1.3081  -118.6903 17997.5
2422 357481.000    -34 58 17.50001     138 38 23.80918   165.5645   1  12   0.0100  -0.0125   0.0005   179.4557    -1.0322  -118.4925 22014.4
2422 357481.100    -34 58 17.50008     138 38 23.80909   165.5671   1  12  -0.0258  -0.0182   0.0229   179.4751    -1.1642  -118.5265 22014.4
2422 357481.200    -34 58 17.50012     138 38 23.80898   165.5691   1  12  -0.0245  -0.0079   0.0199   179.3864    -1.3844  -118.5529 22014.4
2422 357481.300    -34 58 17.50013     138 38 23.80890   165.5711   1  12  -0.0139  -0.0010   0.0154   179.3412    -1.3198  -118.7503 22014.4
2422 357481.400    -34 58 17.50013     138 38 23.80887   165.5722   1  12   0.0008   0.0011   0.0091   179.3701    -1.5095  -118.6940 22014.4
2422 357481.500    -34 58 17.50012     138 38 23.80890   165.5729   1  12   0.0141   0.0030   0.0048   179.3398    -1.5221  -118.6564 22014.4
2422 357481.600    -34 58 17.50011     138 38 23.80898   165.5731   1  12   0.0201   0.0045  -0.0003   179.3954    -1.6124  -118.5515 22014.4
2422 357481.700    -34 58 17.50010     138 38 23.80906   165.5728   1  12   0.0198   0.0053  -0.0069   179.4080    -1.6838  -118.4565 22014.4
2422 357481.800    -34 58 17.50008     138 38 23.80914   165.5718   1  12   0.0203   0.0080  -0.0157   179.3950    -1.7036  -118.5216 22014.4
2422 357481.900    -34 58 17.50004     138 38 23.80922   165.5697   1  12   0.0264   0.0134  -0.0209   179.3854    -1.8909  -118.4670 22014.4
2422 357482.000    -34 58 17.49999     138 38 23.80934   165.5676   1  12   0.0327   0.0741   0.0101   179.3925    -1.9043  -118.4943 21114.8
2422 357482.100    -34 58 17.49956     138 38 23.80948   165.5717   1  12   0.0422   0.1414   0.0394   179.4273    -1.7770  -118.4519 21114.8
2422 357482.200    -34 58 17.49907     138 38 23.80968   165.5755   1  12   0.0541   0.1529   0.0463   179.5118    -1.6760  -118.4614 21114.8
2422 357482.300    -34 58 17.49857     138 38 23.80991   165.5810   1  12   0.0562   0.1391   0.0502   179.5214    -1.4604  -118.4951 21114.8
2422 357482.400    -34 58 17.49817     138 38 23.81012   165.5855   1  12   0.0558   0.1056   0.0287   179.6231    -0.7150  -118.6368 21114.8
2422 357482.500    -34 58 17.49788     138 38 23.81035   165.5867   1  12   0.0662   0.0744   0.0060   179.3994    -0.9425  -118.5791 21114.8
2422 357482.600    -34 58 17.49769     138 38 23.81064   165.5867   1  12   0.0754   0.0526  -0.0054   179.6127    -0.6440  -118.3519 21114.8
2422 357482.700    -34 58 17.49754     138 38 23.81094   165.5856   1  12   0.0631   0.0432  -0.0194   179.8349    -0.4561  -118.0771 21114.8
2422 357482.800    -34 58 17.49741     138 38 23.81114   165.5828   1  12   0.0398   0.0578  -0.0354  -179.9745    -0.3301  -117.9975 21114.8
2422 357482.900    -34 58 17.49717     138 38 23.81125   165.5786   1  12   0.0306   0.0897  -0.0408  -179.9705    -0.3191  -118.1208 21114.8
2422 357483.000    -34 58 17.49682     138 38 23.81138   165.5747   1  13  -0.0269  -0.0121  -0.0207   179.8810    -0.0906  -118.4918 18774.4
2422 357483.100    -34 58 17.49725     138 38 23.81104   165.5744   1  13  -0.0679  -0.1240  -0.0131   179.4315     0.1449  -118.7920 18774.4
2422 357483.200    -34 58 17.49763     138 38 23.81084   165.5720   1  13  -0.0299  -0.0984  -0.0078   179.5137    -0.4569  -118.5368 18774.4
2422 357483.300    -34 58 17.49789     138 38 23.81081   165.5729   1  13   0.0047  -0.0408   0.0223   179.6373    -1.4394  -118.1778 18774.4
2422 357483.400    -34 58 17.49789     138 38 23.81088   165.5765   1  13   0.0176   0.0353   0.0340   179.9960    -1.6837  -117.9142 18774.4
2422 357483.500    -34 58 17.49766     138 38 23.81095   165.5797   1  13   0.0027   0.0842   0.0200   179.8938    -1.5182  -118.0801 18774.4
2422 357483.600    -34 58 17.49735     138 38 23.81090   165.5805   1  13  -0.0118   0.0890   0.0008   179.6248    -1.2513  -118.6063 18774.4
2422 357483.700    -34 58 17.49708     138 38 23.81085   165.5798   1  13   0.0039   0.0651  -0.0051   179.1766    -1.4687  -119.1159 18774.4
2422 357483.800    -34 58 17.49692     138 38 23.81093   165.5795   1  13   0.0300   0.0295  -0.0118   179.0689    -1.6623  -119.0032 18774.4
2422 357483.900    -34 58 17.49689     138 38 23.81109   165.5775   1  13   0.0321   0.0022  -0.0283   179.1753    -1.4410  -118.7428 18774.4
2422 357484.000    -34 58 17.49691     138 38 23.81119   165.5738   1  13  -0.0128  -0.0135  -0.0138   179.5518    -1.4320  -118.4939 20334.4
2422 357484.100    -34 58 17.49698     138 38 23.81099   165.5747   1  13  -0.0525  -0.0204   0.0061   179.2158    -1.4933  -118.6771 20334.4
2422 357484.200    -34 58 17.49704     138 38 23.81077   165.5750   1  13  -0.0409  -0.0175   0.0031   179.1483    -1.4432  -118.8910 20334.4
2422 357484.300    -34 58 17.49709     138 38 23.81067   165.5753   1  13  -0.0095  -0.0131   0.0102   178.8668    -1.8099  -118.8325 20334.4
2422 357484.400    -34 58 17.49713     138 38 23.81070   165.5771   1  13   0.0111  -0.0123   0.0172   179.1477    -1.8218  -118.5372 20334.4
2422 357484.500    -34 58 17.49717     138 38 23.81075   165.5788   1  13   0.0096  -0.0078   0.0095   179.2584    -1.7000  -118.4734 20334.4
2422 357484.600    -34 58 17.49718     138 38 23.81077   165.5790   1  13   0.0036   0.0043   0.0004   179.3386    -1.9736  -118.4150 20334.4
2422 357484.700    -34 58 17.49714     138 38 23.81078   165.5789   1  13   0.0064   0.0108  -0.0016   179.3050    -1.9111  -118.5208 20334.4
2422 357484.800    -34 58 17.49711     138 38 23.81082   165.5787   1  13   0.0226   0.0062  -0.0058   179.1408    -1.9130  -118.7849 20334.4
2422 357484.900    -34 58 17.49710     138 38 23.81096   165.5777   1  13   0.0450  -0.0006  -0.0119   179.0979    -1.9901  -118.6354 20334.4
2422 357485.000    -34 58 17.49711     138 38 23.81118   165.5763   1  13   0.0832   0.0320   0.0063   179.2216    -1.9763  -118.4265 19172.8
2422 357485.100    -34 58 17.49689     138 38 23.81162   165.5789   1  13   0.1032   0.0903   0.0227   179.2196    -2.0746  -100.3280 19172.8
2422 357485.200    -34 58 17.49653     138 38 23.81199   165.5808   1  13   0.0930   0.1336   0.0151   178.7364    -1.9678   -82.5423 19172.8
2422 357485.300    -34 58 17.49603     138 38 23.81235   165.5820   1  13   0.0913   0.1609   0.0234   178.5363    -1.6559   -64.9261 19172.8
2422 357485.400    -34 58 17.49548     138 38 23.81271   165.5855   1  13   0.0862   0.1523   0.0470   178.1930    -1.3225   -47.0966 19172.8
2422 357485.500    -34 58 17.49504     138 38 23.81303   165.5914   1  13   0.0665   0.1078   0.0297   178.6636    -1.0713   -29.2221 19172.8
2422 357485.600    -34 58 17.49478     138 38 23.81324   165.5915   1  13   0.0358   0.0609  -0.0325   179.0812    -0.8913   -11.2896 19172.8
2422 357485.700    -34 58 17.49464     138 38 23.81331   165.5849   1  13   0.0088   0.0453  -0.0726   178.9596    -0.8146     6.9398 19172.8
2422 357485.800    -34 58 17.49449     138 38 23.81331   165.5769   1  13  -0.0045   0.0543  -0.0618   178.7077    -0.5708    25.0326 19172.8
2422 357485.900    -34 58 17.49429     138 38 23.81328   165.5725   1  13  -0.0085   0.0585  -0.0345   179.0827    -0.5516    42.6566 19172.8
2422 357486.000    -34 58 17.49411     138 38 23.81324   165.5701   1  13   0.0590   0.1203   0.0190   179.2595    -0.5816    60.2928 18338.7
2422 357486.100    -34 58 17.49351     138 38 23.81374   165.5763   1  13   0.1233   0.1866   0.0675   179.1311    -0.8517    60.3343 18338.7
2422 357486.200    -34 58 17.49290     138 38 23.81421   165.5836   1  13   0.1209   0.1947   0.0585   179.1860    -0.8053    60.3014 18338.7
2422 357486.300    -34 58 17.49225     138 38 23.81469   165.5880   1  13   0.1199   0.1843   0.0296   179.4911    -0.8622    60.3506 18338.7
2422 357486.400    -34 58 17.49170     138 38 23.81516   165.5895   1  13   0.0995   0.1509   0.0089   179.1606    -1.4650    60.1428 18338.7
2422 357486.500    -34 58 17.49127     138 38 23.81548   165.5898   1  13   0.0710   0.1382   0.0000   179.0152    -1.0940    59.8728 18338.7
2422 357486.600    -34 58 17.49080     138 38 23.81572   165.5895   1  13   0.0639   0.1507  -0.0058   179.0566    -0.8106    59.9224 18338.7
2422 357486.700    -34 58 17.49029     138 38 23.81598   165.5886   1  13   0.0721   0.1583  -0.0119   179.3417    -1.0196    60.4538 18338.7
2422 357486.800    -34 58 17.48978     138 38 23.81629   165.5871   1  13   0.0753   0.1468  -0.0202   179.0822    -1.1266    60.3618 18338.7
2422 357486.900    -34 58 17.48934     138 38 23.81658   165.5846   1  13   0.0711   0.1279  -0.0279   179.2033    -1.2410    60.2111 18338.7
2422 357487.000    -34 58 17.48895     138 38 23.81685   165.5815   1  13   0.1074   0.1618   0.0031   179.1164    -1.1258    60.3156 4010.3
2422 357487.100    -34 58 17.48829     138 38 23.81742   165.5852   1  13   0.1484   0.2055   0.0303   179.2081    -1.1385    60.5505 4010.3
2422 357487.200    -34 58 17.48761     138 38 23.81802   165.5876   1  13   0.1383   0.2014   0.0183   179.0478    -1.0873    60.5904 4010.3
2422 357487.300    -34 58 17.48698     138 38 23.81851   165.5889   1  13   0.1102   0.1857   0.0137   178.9791    -1.2316    60.5574 4010.3
2422 357487.400    -34 58 17.48641     138 38 23.81888   165.5903   1  13   0.0899   0.1736   0.0137   179.0053    -0.9708    60.7517 4010.3
2422 357487.500    -34 58 17.48585     138 38 23.81922   165.5916   1  13   0.0878   0.1712   0.0069   179.0490    -0.7237    61.1359 4010.3
2422 357487.600    -34 58 17.48530     138 38 23.81958   165.5917   1  13   0.0851   0.1642  -0.0044   179.0046    -0.7765    61.3391 4010.3
2422 357487.700    -34 58 17.48479     138 38 23.81989   165.5907   1  13   0.0748   0.1491  -0.0105   178.9784    -0.8415    61.4191 4010.3
2422 357487.800    -34 58 17.48433     138 38 23.82017   165.5896   1  13   0.0685   0.1441  -0.0098   178.8528    -0.6197    61.4040 4010.3
2422 357487.900    -34 58 17.48385     138 38 23.82043   165.5887   1  13   0.0692   0.1516  -0.0127   178.9230    -0.4718    61.7702 4010.3
2422 357488.000    -34 58 17.48334     138 38 23.82071   165.5871   1  13   0.0968   0.1768   0.0147   178.8131    -0.4703    61.8907  114.1
2422 357488.100    -34 58 17.48270     138 38 23.82120   165.5917   1  13   0.1168   0.1917   0.0437   178.9203    -0.7502    62.3267  114.1
2422 357488.200    -34 58 17.48210     138 38 23.82163   165.5958   1  13   0.1104   0.1876   0.0371   178.7738    -0.5690    62.5591  114.1
2422 357488.300    -34 58 17.48149     138 38 23.82207   165.5991   1  13   0.1096   0.1907   0.0236   178.9212    -0.5168    63.1394  114.1
2422 357488.400    -34 58 17.48086     138 38 23.82250   165.6005   1  13   0.0987   0.1861   0.0108   178.7689    -0.5446    63.5100  114.1
2422 357488.500    -34 58 17.48028     138 38 23.82285   165.6013   1  13   0.0827   0.1747   0.0121   179.0060    -0.8928    64.1384  114.1
2422 357488.600    -34 58 17.47973     138 38 23.82315   165.6030   1  13   0.0786   0.1760   0.0119   179.0898    -0.7970    64.6773  114.1
2422 357488.700    -34 58 17.47914     138 38 23.82347   165.6036   1  13   0.0798   0.1877  -0.0029   179.0046    -0.5119    65.0991  114.1
2422 357488.800    -34 58 17.47851     138 38 23.82378   165.6024   1  13   0.0769   0.1915  -0.0117   179.0795    -0.8022    65.5578  114.1
2422 357488.900    -34 58 17.47789     138 38 23.82407   165.6013   1  13   0.0768   0.1818  -0.0074   179.0847    -0.9231    66.1275  114.1
2422 357489.000    -34 58 17.47733     138 38 23.82438   165.6009   2  13   0.0435   0.1781   0.0360   179.4066    -0.9316    66.6370    1.0
2422 357489.100    -34 58 17.47674     138 38 23.82442   165.6085   2  13  -0.0303   0.2281   0.0818   178.9186    -0.4810    66.5602    1.0
2422 357489.200    -34 58 17.47585     138 38 23.82414   165.6173   2  13  -0.1089   0.3517   0.0854   177.4184    -0.2001    66.8266    1.0
2422 357489.300    -34 58 17.47446     138 38 23.82356   165.6256   2  13  -0.1709   0.4498   0.0315   177.4809     0.4972    68.9763    1.0
2422 357489.400    -34 58 17.47293     138 38 23.82280   165.6236   2  13  -0.1586   0.3924  -0.0544   179.3091    -0.1160    72.1049    1.0
2422 357489.500    -34 58 17.47191     138 38 23.82231   165.6147   2  13  -0.0183   0.2446  -0.0557  -177.1561    -2.2049    74.9881    1.0
2422 357489.600    -34 58 17.47134     138 38 23.82265   165.6124   2  13   0.1985   0.1345  -0.0092  -176.0980    -1.7530    75.5048    1.0
2422 357489.700    -34 58 17.47104     138 38 23.82387   165.6129   2  13   0.3603   0.0835  -0.0033  -177.2528    -1.1796    73.2259    1.0
2422 357489.800    -34 58 17.47080     138 38 23.82549   165.6117   2  13   0.3908   0.0794  -0.0182   179.6936    -0.7971    70.3073    1.0
2422 357489.900    -34 58 17.47052     138 38 23.82695   165.6092   2  13   0.2707   0.1114  -0.0389   179.2736    -0.6650    69.5298    1.0
2422 357490.000    -34 58 17.47008     138 38 23.82763   165.6040   1  13   0.0008   0.2055  -0.0324   178.0064    -0.6887    70.3994  308.9
2422 357490.100    -34 58 17.46919     138 38 23.82696   165.6028   1  13  -0.1852   0.2676  -0.0119   179.1652    -1.0844    71.6665  308.9
2422 357490.200    -34 58 17.46834     138 38 23.82617   165.6016   1  13  -0.1438   0.2502  -0.0077  -179.8652    -0.6922    72.4446  308.9
2422 357490.300    -34 58 17.46756     138 38 23.82582   165.6012   1  13  -0.0040   0.2337  -0.0198  -178.5028    -0.5045    72.7284  308.9
2422 357490.400    -34 58 17.46683     138 38 23.82614   165.5976   1  13   0.1336   0.2138  -0.0403  -179.3784    -0.4442    71.9362  308.9
2422 357490.500    -34 58 17.46618     138 38 23.82688   165.5932   1  13   0.1994   0.1941  -0.0356   179.4734    -0.7342    70.7590  308.9
2422 357490.600    -34 58 17.46557     138 38 23.82771   165.5905   1  13   0.1915   0.1921  -0.0299   178.6415    -0.2489    69.6298  308.9
2422 357490.700    -34 58 17.46493     138 38 23.82839   165.5872   1  13   0.1593   0.1838  -0.0310   177.8700    -0.0762    69.1242  308.9
2422 357490.800    -34 58 17.46437     138 38 23.82897   165.5843   1  13   0.1515   0.1624  -0.0300   178.1808    -0.2756    69.7047  308.9
2422 357490.900    -34 58 17.46388     138 38 23.82958   165.5812   1  13   0.1834   0.1484  -0.0286   178.3306    -0.5516    69.9991  308.9
2422 357491.000    -34 58 17.46341     138 38 23.83041   165.5786   1  13   0.1697   0.1545  -0.0073   178.3069    -0.1678    69.7789    2.1
2422 357491.100    -34 58 17.46287     138 38 23.83092   165.5797   1  13   0.1345   0.1669   0.0020   178.0478     0.0602    69.1723    2.1
2422 357491.200    -34 58 17.46233     138 38 23.83147   165.5790   1  13   0.1328   0.1744  -0.0001   178.0268    -0.0631    68.8322    2.1
2422 357491.300    -34 58 17.46174     138 38 23.83197   165.5797   1  13   0.1137   0.1948   0.0120   177.8964    -0.1129    68.4620    2.1
2422 357491.400    -34 58 17.46106     138 38 23.83237   165.5814   1  13   0.0935   0.2210   0.0100   178.2081     0.1662    68.1743    2.1
2422 357491.500    -34 58 17.46031     138 38 23.83270   165.5817   1  13   0.0737   0.2351  -0.0028   178.0551     0.1068    67.9096    2.1
2422 357491.600    -34 58 17.45954     138 38 23.83295   165.5808   1  13   0.0535   0.2357  -0.0078   178.2385    -0.0721    67.8382    2.1
2422 357491.700    -34 58 17.45878     138 38 23.83312   165.5801   1  13   0.0467   0.2337  -0.0072   178.4605     0.0071    67.7602    2.1
2422 357491.800    -34 58 17.45802     138 38 23.83332   165.5794   1  13   0.0523   0.2323  -0.0142   178.6004     0.1733    67.4609    2.1
2422 357491.900    -34 58 17.45727     138 38 23.83354   165.5773   1  13   0.0521   0.2325  -0.0187   178.4830     0.1845    67.0601    2.1
2422 357492.000    -34 58 17.45651     138 38 23.83373   165.5756   2  13   0.0775   0.2126  -0.0119   178.5671    -0.0040    66.7075    1.0
2422 357492.100    -34 58 17.45589     138 38 23.83415   165.5749   2  13   0.0987   0.2010  -0.0093   178.3523     0.2334    66.4920    1.0
2422 357492.200    -34 58 17.45521     138 38 23.83451   165.5738   2  13   0.0826   0.2110  -0.0154   178.5614     0.0960    66.5973    1.0
2422 357492.300    -34 58 17.45452     138 38 23.83480   165.5718   2  13   0.0729   0.2065  -0.0183   178.4277     0.0426    66.7908    1.0
2422 357492.400    -34 58 17.45387     138 38 23.83508   165.5701   2  13   0.0795   0.1987  -0.0146   178.7038    -0.0983    67.0331    1.0
2422 357492.500    -34 58 17.45323     138 38 23.83543   165.5689   2  13   0.0951   0.1978  -0.0185   178.4857     0.0781    66.9308    1.0
2422 357492.600    -34 58 17.45258     138 38 23.83583   165.5664   2  13   0.1033   0.1969  -0.0277   178.4366    -0.0453    66.8051    1.0
2422 357492.700    -34 58 17.45195     138 38 23.83624   165.5634   2  13   0.0981   0.1890  -0.0281   178.3723    -0.1839    66.8089    1.0
2422 357492.800    -34 58 17.45136     138 38 23.83660   165.5608   2  13   0.0900   0.1866  -0.0300   178.3342    -0.1363    66.6945    1.0
2422 357492.900    -34 58 17.45074     138 38 23.83695   165.5574   2  13   0.0916   0.1929  -0.0427   178.3582     0.1319    66.7587    1.0
2422 357493.000    -34 58 17.45010     138 38 23.83733   165.5523   1  13   0.0923   0.1978  -0.0287   178.2756    -0.0086    66.8378    2.1
2422 357493.100    -34 58 17.44946     138 38 23.83768   165.5516   1  13   0.0871   0.1964  -0.0010   178.3358    -0.0666    66.9867    2.1
2422 357493.200    -34 58 17.44883     138 38 23.83801   165.5521   1  13   0.0856   0.1945  -0.0003   178.3845    -0.0364    66.8951    2.1
2422 357493.300    -34 58 17.44820     138 38 23.83835   165.5516   1  13   0.0851   0.1953  -0.0105   178.3766     0.0361    66.8543    2.1
2422 357493.400    -34 58 17.44756     138 38 23.83868   165.5500   1  13   0.0794   0.1928  -0.0146   178.2453    -0.0889    66.8718    2.1
2422 357493.500    -34 58 17.44694     138 38 23.83898   165.5486   1  13   0.0734   0.1926  -0.0109   178.4275    -0.0354    66.9785    2.1
2422 357493.600    -34 58 17.44631     138 38 23.83926   165.5478   1  13   0.0722   0.1991  -0.0109   178.2670     0.0721    66.9182    2.1
2422 357493.700    -34 58 17.44565     138 38 23.83955   165.5465   1  13   0.0702   0.2011  -0.0161   178.3828    -0.0400    66.9593    2.1
2422 357493.800    -34 58 17.44501     138 38 23.83982   165.5446   1  13   0.0654   0.1912  -0.0224   178.3583    -0.1374    66.9924    2.1
2422 357493.900    -34 58 17.44441     138 38 23.84006   165.5420   1  13   0.0615   0.1812  -0.0317   178.3448    -0.1574    66.9772    2.1
2422 357494.000    -34 58 17.44383     138 38 23.84030   165.5382   1  13   0.0769   0.1902  -0.0111   178.3346    -0.0558    67.0109  317.7
2422 357494.100    -34 58 17.44318     138 38 23.84067   165.5398   1  13   0.0904   0.2054   0.0172   178.1198    -0.0240    66.0552  317.7
2422 357494.200    -34 58 17.44250     138 38 23.84101   165.5417   1  13   0.0877   0.2098   0.0188   177.9867     0.0343    65.2093  317.7
2422 357494.300    -34 58 17.44182     138 38 23.84136   165.5435   1  13   0.0923   0.2106   0.0128   177.8351     0.0608    64.3554  317.7
2422 357494.400    -34 58 17.44113     138 38 23.84174   165.5442   1  13   0.0972   0.2057   0.0051   177.5767     0.1582    63.4996  317.7
2422 357494.500    -34 58 17.44048     138 38 23.84213   165.5445   1  13   0.0967   0.1946   0.0035   177.4038    -0.0040    62.5078  317.7
2422 357494.600    -34 58 17.43987     138 38 23.84250   165.5449   1  13   0.0964   0.1842   0.0019   177.3966     0.2158    61.5793  317.7
2422 357494.700    -34 58 17.43929     138 38 23.84289   165.5449   1  13   0.0935   0.1756  -0.0071   176.9463     0.0987    60.5668  317.7
2422 357494.800    -34 58 17.43873     138 38 23.84324   165.5435   1  13   0.0814   0.1595  -0.0112   176.8019     0.1678    59.7640  317.7
2422 357494.900    -34 58 17.43825     138 38 23.84353   165.5427   1  13   0.0677   0.1404  -0.0072   176.6271    -0.0924    58.8854  317.7
2422 357495.000    -34 58 17.43782     138 38 23.84377   165.5421   2  13   0.1535   0.1219   0.0362   176.4317     0.3352    57.9209    1.0
2422 357495.100    -34 58 17.43746     138 38 23.84474   165.5499   2  13   0.2352   0.1207   0.0695   176.2457     0.3015    55.9020    1.0
2422 357495.200    -34 58 17.43704     138 38 23.84563   165.5560   2  13   0.2052   0.1360   0.0600   175.7889     0.1384    53.7371    1.0
2422 357495.300    -34 58 17.43658     138 38 23.84636   165.5619   2  13   0.1634   0.1461   0.0602   175.6227    -0.2195    51.5463    1.0
2422 357495.400    -34 58 17.43609     138 38 23.84692   165.5680   2  13   0.1282   0.1614   0.0483   175.3277    -0.0452    49.1348    1.0
2422 357495.500    -34 58 17.43553     138 38 23.84737   165.5716   2  13   0.0987   0.1804   0.0229   175.0524    -0.0505    47.0549    1.0
2422 357495.600    -34 58 17.43492     138 38 23.84770   165.5726   2  13   0.0640   0.1927   0.0084   174.8053    -0.2432    45.0331    1.0
2422 357495.700    -34 58 17.43428     138 38 23.84787   165.5733   2  13   0.0324   0.2023   0.0087   174.6084    -0.3823    42.8405    1.0
2422 357495.800    -34 58 17.43360     138 38 23.84795   165.5744   2  13   0.0427   0.2035  -0.0183   174.4563    -0.4163    40.5400    1.0
2422 357495.900    -34 58 17.43296     138 38 23.84821   165.5696   2  13   0.1063   0.1453  -0.0830   175.1400     0.0372    38.6349    1.0
2422 357496.000    -34 58 17.43266     138 38 23.84879   165.5577   1  13   0.3315  -0.0943  -0.0096   177.3193    -0.3130    36.2407  105.8
2422 357496.100    -34 58 17.43357     138 38 23.85082   165.5677   1  13   0.4544  -0.2872   0.1501   176.5707    -2.4552    34.8372  105.8
2422 357496.200    -34 58 17.43452     138 38 23.85237   165.5878   1  13   0.3324  -0.1843   0.1749   175.3073    -0.3104    32.0908  105.8
2422 357496.300    -34 58 17.43477     138 38 23.85344   165.6027   1  13   0.2529   0.1279   0.0795   173.3578     2.2015    29.6916  105.8
2422 357496.400    -34 58 17.43369     138 38 23.85437   165.6037   1  13   0.2470   0.5039  -0.1089   173.2914     0.9089    31.2213  105.8
2422 357496.500    -34 58 17.43150     138 38 23.85539   165.5809   1  13   0.2110   0.6990  -0.2618   177.1817     0.2917    36.0108  105.8
2422 357496.600    -34 58 17.42916     138 38 23.85603   165.5513   1  13   0.1290   0.5914  -0.2810  -178.9028     0.0128    39.1053  105.8
2422 357496.700    -34 58 17.42766     138 38 23.85641   165.5247   1  13   0.1462   0.2966  -0.2650  -176.1408     0.5299    39.1345  105.8
2422 357496.800    -34 58 17.42723     138 38 23.85718   165.4983   1  13   0.2072  -0.0472  -0.0611  -173.3914     0.3251    37.9220  105.8
2422 357496.900    -34 58 17.42796     138 38 23.85804   165.5125   1  13   0.1564  -0.2624   0.2145  -175.0911     0.7054    34.6748  105.8
2422 357497.000    -34 58 17.42894     138 38 23.85841   165.5412   1  13   0.1022  -0.0287   0.1361  -177.9313     1.0875    30.3933 2363.2
2422 357497.100    -34 58 17.42815     138 38 23.85885   165.5397   1  13  -0.0055   0.3870   0.0251   179.8660     0.5500    30.4559 2363.2
2422 357497.200    -34 58 17.42642     138 38 23.85837   165.5462   1  13  -0.2095   0.6317   0.0914   178.2249     0.6512    33.7952 2363.2
2422 357497.300    -34 58 17.42405     138 38 23.85720   165.5580   1  13  -0.3124   0.7339   0.1089  -178.3318    -0.3670    40.4754 2363.2
2422 357497.400    -34 58 17.42166     138 38 23.85591   165.5680   1  13  -0.2419   0.6240   0.0888  -175.3131    -1.8431    47.6528 2363.2
2422 357497.500    -34 58 17.42000     138 38 23.85529   165.5757   1  13   0.0004   0.3164   0.0594  -173.2471    -3.5528    53.0335 2363.2
2422 357497.600    -34 58 17.41961     138 38 23.85591   165.5799   1  13   0.3272  -0.0774   0.0199  -170.5881    -4.9147    55.7718 2363.2
2422 357497.700    -34 58 17.42050     138 38 23.85787   165.5797   1  13   0.5924  -0.3991  -0.0324  -171.7581    -5.1511    55.4695 2363.2
2422 357497.800    -34 58 17.42220     138 38 23.86058   165.5734   1  13   0.6849  -0.5168  -0.0921  -175.9139    -2.6304    53.7238 2363.2
2422 357497.900    -34 58 17.42386     138 38 23.86327   165.5613   1  13   0.6117  -0.3762  -0.0978  -178.7075    -1.0833    52.8554 2363.2
2422 357498.000    -34 58 17.42464     138 38 23.86540   165.5538   1  13   0.0320   0.1414  -0.0057   178.8291     0.0600    54.4256 16707.0
2422 357498.100    -34 58 17.42294     138 38 23.86352   165.5601   1  13  -0.5469   0.5035   0.0875  -179.6459     0.3037    56.2473 16707.0
2422 357498.200    -34 58 17.42137     138 38 23.86109   165.5713   1  13  -0.5531   0.4137   0.1401  -177.1972    -0.3407    60.1782 16707.0
2422 357498.300    -34 58 17.42025     138 38 23.85916   165.5882   1  13  -0.3452   0.2992   0.1486  -174.6232    -1.4721    63.5669 16707.0
2422 357498.400    -34 58 17.41943     138 38 23.85837   165.6011   1  13  -0.0207   0.2224   0.0851  -174.4687    -1.2211    63.8921 16707.0
2422 357498.500    -34 58 17.41881     138 38 23.85900   165.6052   1  13   0.2925   0.1507  -0.0635  -175.2705    -0.4474    61.9105 16707.0
2422 357498.600    -34 58 17.41845     138 38 23.86068   165.5884   1  13   0.4694   0.0591  -0.1279  -178.9463    -0.2962    59.7195 16707.0
2422 357498.700    -34 58 17.41843     138 38 23.86270   165.5796   1  13   0.4925   0.0259  -0.1365   179.8541    -0.0633    58.7438 16707.0
2422 357498.800    -34 58 17.41828     138 38 23.86456   165.5611   1  13   0.4137   0.0054  -0.1207   177.4662    -0.0463    57.6734 16707.0
2422 357498.900    -34 58 17.41839     138 38 23.86596   165.5555   1  13   0.3392  -0.0833  -0.0036   177.0558     0.0328    58.0912 16707.0
2422 357499.000    -34 58 17.41883     138 38 23.86723   165.5604   1  12   0.2244   0.0250   0.0675   177.7163    -0.2433    59.4169 19055.5
2422 357499.100    -34 58 17.41823     138 38 23.86773   165.5690   1  12   0.1626   0.1703   0.0785   178.9800    -0.3878    59.1637 19055.5
2422 357499.200    -34 58 17.41772     138 38 23.86852   165.5761   1  12   0.2231   0.1399   0.0504  -179.9215    -0.3086    57.5235 19055.5
2422 357499.300    -34 58 17.41732     138 38 23.86949   165.5791   1  12   0.2404   0.1145   0.0257   178.0395    -0.6355    54.9524 19055.5
2422 357499.400    -34 58 17.41698     138 38 23.87041   165.5812   1  12   0.2033   0.1161   0.0163   178.2881    -0.4805    53.2433 19055.5
2422 357499.500    -34 58 17.41657     138 38 23.87109   165.5823   1  12   0.1493   0.1359   0.0048   177.9000    -0.7584    51.8056 19055.5
2422 357499.600    -34 58 17.41610     138 38 23.87159   165.5822   1  12   0.1105   0.1546  -0.0072   178.1595    -0.6184    50.8819 19055.5
2422 357499.700    -34 58 17.41557     138 38 23.87196   165.5809   1  12   0.0874   0.1660  -0.0209   178.6114    -0.9284    49.8656 19055.5
2422 357499.800    -34 58 17.41502     138 38 23.87228   165.5780   1  12   0.0878   0.1662  -0.0286   178.6947    -0.7122    48.6383 19055.5
2422 357499.900    -34 58 17.41449     138 38 23.87265   165.5752   1  12   0.1027   0.1621  -0.0305   179.1633    -0.5928    47.4671 19055.5
2422 357500.000    -34 58 17.41397     138 38 23.87309   165.5719   1  13   0.1461   0.1465  -0.0229   179.0241    -0.6733    46.0169 14693.7
2422 357500.100    -34 58 17.41354     138 38 23.87380   165.5706   1  13   0.1719   0.1338  -0.0150   179.0479    -0.5228    45.9389 14693.7
2422 357500.200    -34 58 17.41310     138 38 23.87444   165.5689   1  13   0.1405   0.1437  -0.0236   178.3478    -0.6996    45.7684 14693.7
2422 357500.300    -34 58 17.41260     138 38 23.87491   165.5659   1  13   0.1043   0.1582  -0.0284   178.3106    -0.5118    46.0475 14693.7
2422 357500.400    -34 58 17.41207     138 38 23.87526   165.5632   1  13   0.0959   0.1608  -0.0269   178.7919    -0.7139    46.8393 14693.7
2422 357500.500    -34 58 17.41156     138 38 23.87567   165.5605   1  13   0.1197   0.1520  -0.0323   178.9035    -0.4179    47.3257 14693.7
2422 357500.600    -34 58 17.41109     138 38 23.87621   165.5567   1  13   0.1447   0.1407  -0.0393   178.9254    -0.5753    47.4285 14693.7
2422 357500.700    -34 58 17.41065     138 38 23.87681   165.5526   1  13   0.1483   0.1353  -0.0385   178.6715    -0.8184    47.4262 14693.7
2422 357500.800    -34 58 17.41021     138 38 23.87738   165.5490   1  13   0.1447   0.1423  -0.0326   178.7812    -0.7621    47.6468 14693.7
2422 357500.900    -34 58 17.40972     138 38 23.87795   165.5461   1  13   0.1434   0.1581  -0.0342   178.6337    -0.6378    47.8474 14693.7
2422 357501.000    -34 58 17.40918     138 38 23.87851   165.5422   1  12   0.1427   0.1638  -0.0102   178.5627    -0.6607    48.0220 21443.1
2422 357501.100    -34 58 17.40866     138 38 23.87907   165.5441   1  12   0.1352   0.1524   0.0159   178.6929    -0.7444    48.2732 21443.1
2422 357501.200    -34 58 17.40819     138 38 23.87957   165.5454   1  12   0.1289   0.1436   0.0113   178.4925    -0.4722    48.4216 21443.1
2422 357501.300    -34 58 17.40773     138 38 23.88009   165.5463   1  12   0.1370   0.1438   0.0080   178.8243    -0.4359    48.7800 21443.1
2422 357501.400    -34 58 17.40726     138 38 23.88065   165.5470   1  12   0.1457   0.1463   0.0112   178.5850    -0.3981    48.6104 21443.1
2422 357501.500    -34 58 17.40678     138 38 23.88124   165.5486   1  12   0.1453   0.1532   0.0181   178.6762    -0.4969    48.6359 21443.1
2422 357501.600    -34 58 17.40626     138 38 23.88180   165.5506   1  12   0.1375   0.1636   0.0145   178.3529    -0.4136    48.5943 21443.1
2422 357501.700    -34 58 17.40572     138 38 23.88232   165.5515   1  12   0.1310   0.1659   0.0018   178.8246    -0.5089    49.0464 21443.1
2422 357501.800    -34 58 17.40519     138 38 23.88283   165.5510   1  12   0.1295   0.1629  -0.0063   178.6305    -0.5019    49.1165 21443.1
2422 357501.900    -34 58 17.40466     138 38 23.88334   165.5502   1  12   0.1339   0.1708  -0.0050   178.5764    -0.3167    49.1873 21443.1
2422 357502.000    -34 58 17.40408     138 38 23.88389   165.5500   1  12   0.1526   0.1714   0.0019   178.6101    -0.2333    49.2542 23085.7
2422 357502.100    -34 58 17.40355     138 38 23.88455   165.5506   1  12   0.1662   0.1621   0.0086   178.5677    -0.3627    49.2227 23085.7
2422 357502.200    -34 58 17.40303     138 38 23.88520   165.5517   1  12   0.1544   0.1559   0.0085   178.5783    -0.4355    49.0719 23085.7
2422 357502.300    -34 58 17.40254     138 38 23.88576   165.5523   1  12   0.1338   0.1481  -0.0020   178.1951    -0.2946    48.6738 23085.7
2422 357502.400    -34 58 17.40207     138 38 23.88625   165.5513   1  12   0.1201   0.1414  -0.0150   178.5483    -0.2066    48.7153 23085.7
2422 357502.500    -34 58 17.40162     138 38 23.88671   165.5493   1  12   0.1167   0.1418  -0.0160   178.2314    -0.1822    48.7022 23085.7
2422 357502.600    -34 58 17.40115     138 38 23.88717   165.5481   1  12   0.1205   0.1468  -0.0138   178.5105    -0.0938    48.6949 23085.7
2422 357502.700    -34 58 17.40066     138 38 23.88766   165.5466   1  12   0.1248   0.1507  -0.0183   178.2361    -0.1294    48.3336 23085.7
2422 357502.800    -34 58 17.40017     138 38 23.88816   165.5445   1  12   0.1195   0.1539  -0.0232   178.2831    -0.1940    48.2722 23085.7
2422 357502.900    -34 58 17.39967     138 38 23.88860   165.5419   1  12   0.1044   0.1550  -0.0286   178.0360    -0.2348    48.0705 23085.7
2422 357503.000    -34 58 17.39916     138 38 23.88898   165.5387   1  12   0.1409   0.1410   0.0079   178.5955    -0.1546    48.3097 20576.8
2422 357503.100    -34 58 17.39875     138 38 23.88971   165.5435   1  12   0.1846   0.1293   0.0429   178.4405    -0.0798    47.8820 20576.8
2422 357503.200    -34 58 17.39832     138 38 23.89044   165.5473   1  12   0.1729   0.1365   0.0357   178.5185     0.0664    47.5063 20576.8
2422 357503.300    -34 58 17.39786     138 38 23.89108   165.5506   1  12   0.1526   0.1396   0.0252   178.6534     0.0089    47.2554 20576.8
2422 357503.400    -34 58 17.39742     138 38 23.89164   165.5524   1  12   0.1387   0.1349   0.0120   179.0443     0.2059    47.3366 20576.8
2422 357503.500    -34 58 17.39699     138 38 23.89217   165.5530   1  12   0.1326   0.1383   0.0040   179.2730     0.3262    47.0659 20576.8
2422 357503.600    -34 58 17.39652     138 38 23.89268   165.5532   1  12   0.1271   0.1575   0.0001   179.0404     0.5415    46.5557 20576.8
2422 357503.700    -34 58 17.39597     138 38 23.89317   165.5531   1  12   0.1224   0.1783  -0.0020   179.4487     0.4515    46.4167 20576.8
2422 357503.800    -34 58 17.39536     138 38 23.89365   165.5528   1  12   0.1252   0.1882  -0.0081   179.5262     0.6300    46.3646 20576.8
2422 357503.900    -34 58 17.39475     138 38 23.89416   165.5515   1  12   0.1279   0.1904  -0.0135   179.9504     0.5720    46.2360 20576.8
2422 357504.000    -34 58 17.39413     138 38 23.89466   165.5501   1  13   0.0757   0.2041   0.0124   179.7116     0.6092    45.7244 14874.4
2422 357504.100    -34 58 17.39342     138 38 23.89476   165.5539   1  13   0.0366   0.2192   0.0347   179.5399     0.6996    45.0175 14874.4
2422 357504.200    -34 58 17.39270     138 38 23.89495   165.5570   1  13   0.0802   0.2078   0.0365   178.9156     0.7628    44.4458 14874.4
2422 357504.300    -34 58 17.39207     138 38 23.89539   165.5612   1  13   0.1784   0.1458   0.0562   179.6322     0.7863    44.2883 14874.4
2422 357504.400    -34 58 17.39176     138 38 23.89635   165.5682   1  13   0.3148   0.0381   0.0296  -178.5041     0.2497    43.4065 14874.4
2422 357504.500    -34 58 17.39183     138 38 23.89787   165.5671   1  13   0.3989  -0.0299  -0.0580   179.8754     0.6608    40.5538 14874.4
2422 357504.600    -34 58 17.39195     138 38 23.89950   165.5566   1  13   0.3384   0.0133  -0.0764   175.6856    -0.0343    36.9683 14874.4
2422 357504.700    -34 58 17.39174     138 38 23.90054   165.5519   1  13   0.1470   0.1250  -0.0428   174.1360     0.4964    35.3005 14874.4
2422 357504.800    -34 58 17.39114     138 38 23.90066   165.5481   1  13  -0.0305   0.2029   0.0044   173.6470     0.3457    36.3873 14874.4
2422 357504.900    -34 58 17.39042     138 38 23.90030   165.5528   1  13  -0.0636   0.2148   0.0244   176.3859     0.0214    39.0414 14874.4
2422 357505.000    -34 58 17.38975     138 38 23.90016   165.5530   1  12   0.0987   0.1015   0.0315   177.5954    -0.2430    40.0968 20656.4
2422 357505.100    -34 58 17.38976     138 38 23.90108   165.5591   1  12   0.2799  -0.0584   0.0548   178.3807     0.0048    40.0149 20656.4
2422 357505.200    -34 58 17.39013     138 38 23.90236   165.5639   1  12   0.3402  -0.1192   0.0508   178.2310     0.0750    39.3020 20656.4
2422 357505.300    -34 58 17.39054     138 38 23.90376   165.5692   1  12   0.3214  -0.0845   0.0460   176.3810     0.0363    38.3172 20656.4
2422 357505.400    -34 58 17.39067     138 38 23.90490   165.5731   1  12   0.2343   0.0341   0.0389   176.3777    -0.1621    37.5509 20656.4
2422 357505.500    -34 58 17.39032     138 38 23.90561   165.5770   1  12   0.1526   0.1697   0.0180   175.7503     0.0614    37.4893 20656.4
2422 357505.600    -34 58 17.38957     138 38 23.90610   165.5767   1  12   0.1048   0.2642  -0.0214   176.9493    -0.0872    38.8674 20656.4
2422 357505.700    -34 58 17.38860     138 38 23.90643   165.5727   1  12   0.0729   0.3023  -0.0374   178.5007    -0.2906    40.1708 20656.4
2422 357505.800    -34 58 17.38761     138 38 23.90667   165.5693   1  12   0.0535   0.3035  -0.0240   179.2361    -0.5483    40.5367 20656.4
2422 357505.900    -34 58 17.38663     138 38 23.90685   165.5679   1  12   0.0368   0.3127  -0.0180   179.0507    -0.3438    40.0740 20656.4
2422 357506.000    -34 58 17.38558     138 38 23.90696   165.5657   1  12   0.0967   0.2263  -0.0158   179.2674    -0.5918    39.9610 21874.3
2422 357506.100    -34 58 17.38516     138 38 23.90762   165.5648   1  12   0.1556   0.1404  -0.0044   178.9666    -0.5226    40.1491 21874.3
2422 357506.200    -34 58 17.38467     138 38 23.90819   165.5648   1  12   0.1336   0.1669   0.0026   178.7581    -0.5708    40.5095 21874.3
2422 357506.300    -34 58 17.38408     138 38 23.90867   165.5653   1  12   0.1166   0.1839  -0.0017   178.7155    -0.5242    40.8443 21874.3
2422 357506.400    -34 58 17.38348     138 38 23.90911   165.5645   1  12   0.1180   0.1701  -0.0120   179.0655    -0.4520    41.6636 21874.3
2422 357506.500    -34 58 17.38298     138 38 23.90960   165.5629   1  12   0.1361   0.1387  -0.0164   179.1407    -0.6421    42.3006 21874.3
2422 357506.600    -34 58 17.38258     138 38 23.91018   165.5612   1  12   0.1568   0.1139  -0.0178   179.1601    -0.4154    42.4574 21874.3
2422 357506.700    -34 58 17.38224     138 38 23.91084   165.5593   1  12   0.1654   0.1059  -0.0214   178.7673    -0.4600    42.2426 21874.3
2422 357506.800    -34 58 17.38189     138 38 23.91149   165.5569   1  12   0.1627   0.1151  -0.0225   178.4069    -0.1748    42.3586 21874.3
2422 357506.900    -34 58 17.38149     138 38 23.91212   165.5548   1  12   0.1594   0.1280  -0.0211   178.5614    -0.4304    42.9851 21874.3
2422 357507.000    -34 58 17.38106     138 38 23.91274   165.5527   1  12   0.1574   0.1329  -0.0074   178.5663    -0.2724    43.5053 19913.0
2422 357507.100    -34 58 17.38063     138 38 23.91336   165.5533   1  12   0.1562   0.1301   0.0062   178.7490    -0.4660    43.5738 19913.0
2422 357507.200    -34 58 17.38022     138 38 23.91397   165.5539   1  12   0.1586   0.1279   0.0066   178.3518    -0.1653    43.4383 19913.0
2422 357507.300    -34 58 17.37980     138 38 23.91461   165.5547   1  12   0.1658   0.1312   0.0101   178.7009    -0.3146    43.6791 19913.0
2422 357507.400    -34 58 17.37936     138 38 23.91528   165.5559   1  12   0.1724   0.1372   0.0147   178.5114    -0.2941    43.7336 19913.0
2422 357507.500    -34 58 17.37891     138 38 23.91597   165.5576   1  12   0.1685   0.1427   0.0143   178.7088    -0.3091    43.6279 19913.0
2422 357507.600    -34 58 17.37844     138 38 23.91661   165.5588   1  12   0.1530   0.1502   0.0054   178.2764    -0.2376    43.4810 19913.0
2422 357507.700    -34 58 17.37793     138 38 23.91718   165.5587   1  12   0.1380   0.1576  -0.0033   178.4631    -0.1708    43.7182 19913.0
2422 357507.800    -34 58 17.37741     138 38 23.91770   165.5581   1  12   0.1322   0.1569  -0.0103   178.6654    -0.2887    44.0536 19913.0
2422 357507.900    -34 58 17.37691     138 38 23.91822   165.5566   1  12   0.1306   0.1562  -0.0174   178.6728    -0.0484    44.0547 19913.0
2422 357508.000    -34 58 17.37640     138 38 23.91873   165.5546   1  12   0.1430   0.1484  -0.0088   178.5754    -0.2958    43.9823 21081.7
2422 357508.100    -34 58 17.37595     138 38 23.91934   165.5549   1  12   0.1489   0.1340  -0.0017   178.5114    -0.0973    43.9793 21081.7
2422 357508.200    -34 58 17.37553     138 38 23.91990   165.5543   1  12   0.1382   0.1240  -0.0081   178.8158    -0.2746    44.1792 21081.7
2422 357508.300    -34 58 17.37515     138 38 23.92043   165.5533   1  12   0.1316   0.1230  -0.0117   178.5863     0.0586    44.0895 21081.7
2422 357508.400    -34 58 17.37473     138 38 23.92094   165.5520   1  12   0.1240   0.1326  -0.0176   178.5813     0.0080    43.9385 21081.7
2422 357508.500    -34 58 17.37429     138 38 23.92141   165.5497   1  12   0.1210   0.1378  -0.0252   178.5625     0.2802    44.0749 21081.7
2422 357508.600    -34 58 17.37384     138 38 23.92189   165.5469   1  12   0.1292   0.1372  -0.0268   178.7959     0.1701    44.2477 21081.7
2422 357508.700    -34 58 17.37340     138 38 23.92243   165.5444   1  12   0.1394   0.1376  -0.0218   178.6848     0.2914    44.2525 21081.7
2422 357508.800    -34 58 17.37295     138 38 23.92299   165.5426   1  12   0.1410   0.1398  -0.0201   178.6154     0.2923    44.0338 21081.7
2422 357508.900    -34 58 17.37249     138 38 23.92354   165.5404   1  12   0.1388   0.1378  -0.0251   178.5447     0.4289    44.0356 21081.7
2422 357509.000    -34 58 17.37205     138 38 23.92409   165.5375   1  13   0.1566   0.1414   0.0005   178.6167     0.3554    44.1230 20069.2
2422 357509.100    -34 58 17.37157     138 38 23.92478   165.5405   1  13   0.1700   0.1483   0.0242   178.6041     0.1618    44.1754 20069.2
2422 357509.200    -34 58 17.37109     138 38 23.92543   165.5424   1  13   0.1594   0.1471   0.0117   178.6467     0.2145    43.9947 20069.2
2422 357509.300    -34 58 17.37062     138 38 23.92603   165.5428   1  13   0.1500   0.1434  -0.0024   178.5608     0.1565    43.9967 20069.2
2422 357509.400    -34 58 17.37016     138 38 23.92661   165.5419   1  13   0.1465   0.1394  -0.0088   178.6498     0.1886    44.1323 20069.2
2422 357509.500    -34 58 17.36971     138 38 23.92719   165.5410   1  13   0.1522   0.1383  -0.0106   178.8482     0.0886    44.1640 20069.2
2422 357509.600    -34 58 17.36926     138 38 23.92781   165.5398   1  13   0.1570   0.1410  -0.0181   178.7136     0.1952    43.8979 20069.2
2422 357509.700    -34 58 17.36880     138 38 23.92843   165.5374   1  13   0.1459   0.1430  -0.0304   178.5908    -0.0739    43.7961 20069.2
2422 357509.800    -34 58 17.36833     138 38 23.92896   165.5337   1  13   0.1280   0.1389  -0.0392   178.6574     0.0151    43.9251 20069.2
2422 357509.900    -34 58 17.36790     138 38 23.92944   165.5296   1  13   0.1256   0.1351  -0.0447   178.8951    -0.0908    44.0071 20069.2
2422 357510.000    -34 58 17.36746     138 38 23.92995   165.5248   1  13   0.1498   0.1452  -0.0042   178.7622     0.0705    43.8651 20191.6
2422 357510.100    -34 58 17.36695     138 38 23.93062   165.5287   1  13   0.1605   0.1542   0.0362   178.6749    -0.3263    43.8700 20191.6
2422 357510.200    -34 58 17.36645     138 38 23.93122   165.5320   1  13   0.1449   0.1466   0.0289   178.7865    -0.3075    44.1004 20191.6
2422 357510.300    -34 58 17.36600     138 38 23.93176   165.5345   1  13   0.1399   0.1370   0.0183   178.7294    -0.2711    44.1470 20191.6
2422 357510.400    -34 58 17.36557     138 38 23.93232   165.5357   1  13   0.1410   0.1361   0.0094   178.7172    -0.0673    44.1786 20191.6
2422 357510.500    -34 58 17.36512     138 38 23.93287   165.5364   1  13   0.1347   0.1379   0.0079   178.5295    -0.3049    44.1583 20191.6
2422 357510.600    -34 58 17.36467     138 38 23.93338   165.5373   1  13   0.1305   0.1372   0.0082   178.8305    -0.2524    44.4369 20191.6
2422 357510.700    -34 58 17.36423     138 38 23.93390   165.5380   1  13   0.1403   0.1374   0.0042   178.5397    -0.1306    44.3957 20191.6
2422 357510.800    -34 58 17.36378     138 38 23.93449   165.5381   1  13   0.1476   0.1364  -0.0023   178.6550    -0.0909    44.4357 20191.6
2422 357510.900    -34 58 17.36334     138 38 23.93506   165.5376   1  13   0.1406   0.1285  -0.0057   178.4445    -0.3114    44.4309 20191.6
2422 357511.000    -34 58 17.36294     138 38 23.93560   165.5369   1  13   0.1499   0.1319   0.0061   178.6354    -0.3329    44.5356 16079.4
2422 357511.100    -34 58 17.36249     138 38 23.93625   165.5388   1  13   0.1667   0.1437   0.0146   178.4874    -0.1793    44.4801 16079.4
2422 357511.200    -34 58 17.36201     138 38 23.93691   165.5399   1  13   0.1679   0.1513   0.0093   178.5291    -0.0687    44.3272 16079.4
2422 357511.300    -34 58 17.36150     138 38 23.93757   165.5406   1  13   0.1658   0.1576   0.0106   178.4839    -0.1328    44.3423 16079.4
2422 357511.400    -34 58 17.36099     138 38 23.93822   165.5420   1  13   0.1635   0.1559   0.0091   178.6984    -0.1857    44.3315 16079.4
2422 357511.500    -34 58 17.36049     138 38 23.93886   165.5425   1  13   0.1600   0.1504  -0.0029   178.5543    -0.1284    44.2710 16079.4
2422 357511.600    -34 58 17.36001     138 38 23.93948   165.5414   1  13   0.1489   0.1461  -0.0168   178.5879    -0.1915    44.1440 16079.4
2422 357511.700    -34 58 17.35954     138 38 23.94003   165.5391   1  13   0.1347   0.1456  -0.0217   178.5381    -0.1179    44.0593 16079.4
2422 357511.800    -34 58 17.35907     138 38 23.94054   165.5371   1  13   0.1256   0.1477  -0.0204   178.6859    -0.0785    44.1172 16079.4
2422 357511.900    -34 58 17.35859     138 38 23.94102   165.5350   1  13   0.1206   0.1485  -0.0225   178.5830    -0.0742    44.1000 16079.4
2422 357512.000    -34 58 17.35810     138 38 23.94149   165.5326   1  13   0.1435   0.1433  -0.0005   178.6418    -0.0930    44.0550 23101.8
2422 357512.100    -34 58 17.35766     138 38 23.94215   165.5349   1  13   0.1560   0.1339   0.0182   178.5950    -0.2010    43.9755 23101.8
2422 357512.200    -34 58 17.35724     138 38 23.94272   165.5362   1  13   0.1412   0.1279   0.0072   178.6992    -0.0414    43.9976 23101.8
2422 357512.300    -34 58 17.35683     138 38 23.94327   165.5364   1  13   0.1456   0.1281  -0.0024   178.8194     0.0267    44.0555 23101.8
2422 357512.400    -34 58 17.35640     138 38 23.94387   165.5357   1  13   0.1529   0.1333  -0.0077   178.7037     0.0462    43.9315 23101.8
2422 357512.500    -34 58 17.35596     138 38 23.94447   165.5348   1  13   0.1492   0.1383  -0.0079   178.7696    -0.0359    43.7732 23101.8
2422 357512.600    -34 58 17.35551     138 38 23.94504   165.5342   1  13   0.1435   0.1416  -0.0116   178.6623     0.1189    43.7137 23101.8
2422 357512.700    -34 58 17.35504     138 38 23.94560   165.5325   1  13   0.1441   0.1455  -0.0182   178.8599     0.2156    43.7297 23101.8
2422 357512.800    -34 58 17.35456     138 38 23.94618   165.5305   1  13   0.1440   0.1451  -0.0207   178.7631     0.2721    43.7495 23101.8
2422 357512.900    -34 58 17.35410     138 38 23.94674   165.5284   1  13   0.1399   0.1423  -0.0241   178.8147     0.2914    43.5187 23101.8
2422 357513.000    -34 58 17.35364     138 38 23.94728   165.5257   1  13   0.1556   0.1489   0.0001   178.7595     0.3750    43.5197 25804.2
2422 357513.100    -34 58 17.35313     138 38 23.94797   165.5284   1  13   0.1742   0.1571   0.0234   178.7863     0.3109    43.3986 25804.2
2422 357513.200    -34 58 17.35262     138 38 23.94866   165.5304   1  13   0.1698   0.1578   0.0184   178.6502     0.2884    43.3713 25804.2
2422 357513.300    -34 58 17.35211     138 38 23.94931   165.5321   1  13   0.1567   0.1540   0.0092   178.7448     0.2096    43.1034 25804.2
2422 357513.400    -34 58 17.35162     138 38 23.94989   165.5322   1  13   0.1468   0.1485  -0.0042   178.6462     0.3488    43.1552 25804.2
2422 357513.500    -34 58 17.35115     138 38 23.95046   165.5312   1  13   0.1450   0.1418  -0.0140   178.7711     0.2261    43.1134 25804.2
2422 357513.600    -34 58 17.35070     138 38 23.95104   165.5294   1  13   0.1427   0.1324  -0.0212   178.7463     0.3012    43.1443 25804.2
2422 357513.700    -34 58 17.35029     138 38 23.95159   165.5270   1  13   0.1390   0.1285  -0.0293   178.6495     0.2383    42.7386 25804.2
2422 357513.800    -34 58 17.34987     138 38 23.95213   165.5235   1  13   0.1362   0.1315  -0.0345   178.6756     0.4615    42.7944 25804.2
2422 357513.900    -34 58 17.34943     138 38 23.95266   165.5201   1  13   0.1324   0.1373  -0.0347   178.5474     0.1221    42.7207 25804.2
2422 357514.000    -34 58 17.34897     138 38 23.95317   165.5166   1  13   0.1515   0.1348  -0.0084   178.8150     0.2674    42.8233 23858.8
2422 357514.100    -34 58 17.34856     138 38 23.95386   165.5184   1  13   0.1691   0.1267   0.0111   178.5212     0.1343    42.6077 23858.8
2422 357514.200    -34 58 17.34815     138 38 23.95451   165.5188   1  13   0.1618   0.1207   0.0016   178.8888     0.3063    42.8705 23858.8
2422 357514.300    -34 58 17.34777     138 38 23.95513   165.5187   1  13   0.1551   0.1161  -0.0000   178.6344     0.1070    42.9019 23858.8
2422 357514.400    -34 58 17.34740     138 38 23.95573   165.5188   1  13   0.1505   0.1228  -0.0013   178.8178     0.2338    42.9825 23858.8
2422 357514.500    -34 58 17.34698     138 38 23.95632   165.5184   1  13   0.1481   0.1367  -0.0086   178.6830     0.1645    42.7820 23858.8
2422 357514.600    -34 58 17.34651     138 38 23.95690   165.5171   1  13   0.1446   0.1464  -0.0165   178.8416     0.1599    43.0739 23858.8
2422 357514.700    -34 58 17.34603     138 38 23.95746   165.5151   1  13   0.1407   0.1444  -0.0235   178.8274    -0.0783    43.2265 23858.8
2422 357514.800    -34 58 17.34557     138 38 23.95801   165.5124   1  13   0.1363   0.1376  -0.0317   179.0121    -0.0497    43.4737 23858.8
2422 357514.900    -34 58 17.34514     138 38 23.95853   165.5088   1  13   0.1312   0.1399  -0.0417   178.8739     0.0528    43.1377 23858.8
2422 357515.000    -34 58 17.34467     138 38 23.95904   165.5041   1  13   0.1473   0.1504  -0.0183   178.8390     0.1549    43.2587 25371.5
2422 357515.100    -34 58 17.34416     138 38 23.95969   165.5051   1  13   0.1612   0.1528   0.0109   178.7826     0.1710    43.5213 25371.5
2422 357515.200    -34 58 17.34367     138 38 23.96031   165.5062   1  13   0.1563   0.1423   0.0067   178.9989     0.2594    43.9500 25371.5
2422 357515.300    -34 58 17.34324     138 38 23.96093   165.5065   1  13   0.1541   0.1356   0.0004   178.7729     0.5623    43.8122 25371.5
2422 357515.400    -34 58 17.34279     138 38 23.96153   165.5063   1  13   0.1480   0.1397   0.0003   178.8341     0.5914    44.0882 25371.5
2422 357515.500    -34 58 17.34233     138 38 23.96209   165.5066   1  13   0.1405   0.1454   0.0038   178.6882     0.7177    44.2548 25371.5
2422 357515.600    -34 58 17.34185     138 38 23.96264   165.5071   1  13   0.1398   0.1446   0.0003   178.9670     0.7632    44.6399 25371.5
2422 357515.700    -34 58 17.34139     138 38 23.96319   165.5066   1  13   0.1406   0.1424  -0.0104   178.6282     0.9708    44.5511 25371.5
2422 357515.800    -34 58 17.34093     138 38 23.96374   165.5050   1  13   0.1361   0.1438  -0.0177   178.7205     0.9728    44.8394 25371.5
2422 357515.900    -34 58 17.34046     138 38 23.96427   165.5031   1  13   0.1303   0.1441  -0.0189   178.7862     1.0288    45.1624 25371.5
2422 357516.000    -34 58 17.33999     138 38 23.96477   165.5012   1  13   0.1100   0.1130   0.0037   178.7666     1.0451    45.3566 23288.6
2422 357516.100    -34 58 17.33972     138 38 23.96514   165.5038   1  13   0.0950   0.0863   0.0216   178.7003     1.0649    45.1740 23288.6
2422 357516.200    -34 58 17.33943     138 38 23.96552   165.5055   1  13   0.1017   0.0952   0.0182   178.6051     0.9724    45.2874 23288.6
2422 357516.300    -34 58 17.33911     138 38 23.96594   165.5075   1  13   0.1093   0.1058   0.0191   178.8190     0.8787    45.4599 23288.6
2422 357516.400    -34 58 17.33875     138 38 23.96638   165.5094   1  13   0.1148   0.1165   0.0144   178.7541     0.8639    45.4315 23288.6
2422 357516.500    -34 58 17.33835     138 38 23.96684   165.5103   1  13   0.1191   0.1294   0.0067   178.7320     0.8838    45.2461 23288.6
2422 357516.600    -34 58 17.33791     138 38 23.96732   165.5107   1  13   0.1337   0.1532   0.0043   178.5800     0.8115    45.2606 23288.6
2422 357516.700    -34 58 17.33736     138 38 23.96790   165.5112   1  13   0.1516   0.1707  -0.0111   178.8115     0.9169    45.4468 23288.6
2422 357516.800    -34 58 17.33680     138 38 23.96852   165.5085   1  13   0.1456   0.1473  -0.0365   178.8570     0.6509    45.5784 23288.6
2422 357516.900    -34 58 17.33640     138 38 23.96904   165.5039   1  13   0.1037   0.1095  -0.0208   178.9110    -0.4902    45.7066 23288.6
2422 357517.000    -34 58 17.33609     138 38 23.96933   165.5043   1  13   0.0358   0.0600   0.0237   178.3862    -0.1790    45.3597 23356.9
2422 357517.100    -34 58 17.33601     138 38 23.96933   165.5086   1  13  -0.0012   0.0282   0.0506   178.5945     0.0603    45.3948 23356.9
2422 357517.200    -34 58 17.33590     138 38 23.96932   165.5144   1  13   0.0046   0.0255   0.0571   178.9506    -0.3065    45.8785 23356.9
2422 357517.300    -34 58 17.33584     138 38 23.96936   165.5201   1  13   0.0105   0.0052   0.0450   179.2389    -0.4280    46.0080 23356.9
2422 357517.400    -34 58 17.33587     138 38 23.96941   165.5234   1  13   0.0094  -0.0158   0.0205   178.9580    -0.3615    45.4607 23356.9
2422 357517.500    -34 58 17.33595     138 38 23.96944   165.5242   1  13   0.0011  -0.0173   0.0017   178.8146    -0.2876    45.1533 23356.9
2422 357517.600    -34 58 17.33598     138 38 23.96942   165.5238   1  13  -0.0126   0.0007  -0.0081   178.5781    -0.1347    45.0164 23356.9
2422 357517.700    -34 58 17.33594     138 38 23.96934   165.5225   1  13  -0.0233   0.0151  -0.0148   178.7076    -0.1262    45.1562 23356.9
2422 357517.800    -34 58 17.33588     138 38 23.96923   165.5208   1  13  -0.0214   0.0081  -0.0188   178.9316    -0.1791    45.5072 23356.9
2422 357517.900    -34 58 17.33589     138 38 23.96917   165.5188   1  13  -0.0069  -0.0148  -0.0208   179.3169    -0.1825    45.6064 23356.9
2422 357518.000    -34 58 17.33598     138 38 23.96918   165.5167   1  13   0.0209  -0.0248  -0.0033   179.2199    -0.2102    45.3603 18997.8
2422 357518.100    -34 58 17.33605     138 38 23.96933   165.5181   1  13   0.0346  -0.0133   0.0170   178.9358    -0.1307    45.0457 18997.8
2422 357518.200    -34 58 17.33607     138 38 23.96945   165.5201   1  13   0.0183   0.0101   0.0167   178.4515     0.0440    44.6669 18997.8
2422 357518.300    -34 58 17.33598     138 38 23.96948   165.5215   1  13  -0.0037   0.0312   0.0067   178.4413     0.0476    44.8539 18997.8
2422 357518.400    -34 58 17.33586     138 38 23.96942   165.5214   1  13  -0.0144   0.0274  -0.0052   178.6392    -0.0060    45.4064 18997.8
2422 357518.500    -34 58 17.33581     138 38 23.96936   165.5204   1  13  -0.0056   0.0027  -0.0144   179.0447    -0.0736    45.7207 18997.8
2422 357518.600    -34 58 17.33585     138 38 23.96938   165.5185   1  13   0.0104  -0.0200  -0.0232   178.8524     0.0854    45.4899 18997.8
2422 357518.700    -34 58 17.33594     138 38 23.96945   165.5158   1  13   0.0173  -0.0204  -0.0263   178.7077     0.0732    45.1982 18997.8
2422 357518.800    -34 58 17.33598     138 38 23.96951   165.5133   1  13   0.0115   0.0012  -0.0265   178.4001     0.1255    45.0159 18997.8
2422 357518.900    -34 58 17.33593     138 38 23.96954   165.5105   1  13  -0.0045   0.0227  -0.0304   178.4200     0.1430    45.0975 18997.8
2422 357519.000    -34 58 17.33583     138 38 23.96948   165.5072   1  12  -0.0011   0.0177  -0.0020   178.4015    -0.0127    45.3596 23862.3
2422 357519.100    -34 58 17.33581     138 38 23.96953   165.5101   1  12   0.0185   0.0035   0.0222   178.6165     0.1471    45.5230 23862.3
2422 357519.200    -34 58 17.33581     138 38 23.96962   165.5116   1  12   0.0300  -0.0051   0.0106   178.6958     0.1308    45.4527 23862.3
2422 357519.300    -34 58 17.33585     138 38 23.96976   165.5122   1  12   0.0298  -0.0145   0.0065   178.6315    -0.0345    45.4306 23862.3
2422 357519.400    -34 58 17.33590     138 38 23.96986   165.5129   1  12   0.0148  -0.0113   0.0048   178.5819     0.0240    45.1580 23862.3
2422 357519.500    -34 58 17.33592     138 38 23.96988   165.5132   1  12  -0.0031   0.0046  -0.0032   178.5373     0.0679    45.1154 23862.3
2422 357519.600    -34 58 17.33587     138 38 23.96983   165.5123   1  12  -0.0176   0.0147  -0.0124   178.6245    -0.0251    45.3192 23862.3
2422 357519.700    -34 58 17.33582     138 38 23.96974   165.5107   1  12  -0.0219   0.0110  -0.0193   178.7636    -0.0684    45.5818 23862.3
2422 357519.800    -34 58 17.33580     138 38 23.96966   165.5084   1  12  -0.0149   0.0022  -0.0246   178.8725    -0.0311    45.6076 23862.3
2422 357519.900    -34 58 17.33581     138 38 23.96962   165.5057   1  12  -0.0074  -0.0037  -0.0259   178.8795    -0.1001    45.5445 23862.3
2422 357520.000    -34 58 17.33583     138 38 23.96960   165.5032   1  12   0.0104   0.0030  -0.0012   178.8401    -0.0939    45.3597 23352.3
2422 357520.100    -34 58 17.33579     138 38 23.96971   165.5055   1  12   0.0197   0.0134   0.0203   178.6960    -0.1871    45.2443 23352.3
2422 357520.200    -34 58 17.33574     138 38 23.96976   165.5073   1  12   0.0088   0.0185   0.0142   178.6160    -0.2282    45.2640 23352.3
2422 357520.300    -34 58 17.33567     138 38 23.96978   165.5083   1  12   0.0031   0.0211   0.0066   178.5913    -0.2928    45.3314 23352.3
2422 357520.400    -34 58 17.33560     138 38 23.96978   165.5086   1  12   0.0022   0.0145   0.0007   178.5373    -0.4083    45.4696 23352.3
2422 357520.500    -34 58 17.33558     138 38 23.96979   165.5085   1  12   0.0030  -0.0007  -0.0025   178.4718    -0.4532    45.4595 23352.3
2422 357520.600    -34 58 17.33561     138 38 23.96981   165.5081   1  12   0.0026  -0.0148  -0.0054   178.3782    -0.5101    45.4186 23352.3
2422 357520.700    -34 58 17.33567     138 38 23.96981   165.5074   1  12  -0.0035  -0.0210  -0.0091   178.2498    -0.5215    45.2889 23352.3
2422 357520.800    -34 58 17.33574     138 38 23.96978   165.5063   1  12  -0.0168  -0.0178  -0.0103   178.1437    -0.5899    45.2604 23352.3
2422 357520.900    -34 58 17.33579     138 38 23.96968   165.5054   1  12  -0.0273  -0.0087   0.0046   178.0838    -0.6414    45.2915 23352.3
2422 357521.000    -34 58 17.33580     138 38 23.96956   165.5072   1  12  -0.0298  -0.0039   0.0185   178.0223    -0.6760    45.3612 22980.7
